,id,airline_iata,origin_iata,deprt_time,dest_iata,duration,prop,ac_type,capacity,distance,price_usd,regional,flight_path,city_pair,arrive_time,flight_legs,service_lvl,first_layover,second_layover,first_transfer_city,second_transfer_city
2,3,MS,ABS,2023-01-01 08:30:00,ASW,0 days 00:45:00,0,B738,162,216,55,0,ABS -> ASW,ABS_ASW,2023-01-01 09:15:00,[3],0,0 days 00:00:00,0 days 00:00:00,,
3,4,MS,ABS,2023-01-01 10:05:00,ASW,0 days 00:45:00,0,B738,162,216,55,0,ABS -> ASW,ABS_ASW,2023-01-01 10:50:00,[4],0,0 days 00:00:00,0 days 00:00:00,,
4,5,MS,ABS,2023-01-01 11:00:00,ASW,0 days 00:45:00,0,B738,162,216,55,0,ABS -> ASW,ABS_ASW,2023-01-01 11:45:00,[5],0,0 days 00:00:00,0 days 00:00:00,,
5,6,MS,ABS,2023-01-01 13:30:00,ASW,0 days 00:45:00,0,B738,162,216,55,0,ABS -> ASW,ABS_ASW,2023-01-01 14:15:00,[6],0,0 days 00:00:00,0 days 00:00:00,,
98,99,SM,ABS,2023-01-01 11:40:00,ASW,0 days 01:00:00,1,ATR,70,216,55,0,ABS -> ASW,ABS_ASW,2023-01-01 12:40:00,[99],0,0 days 00:00:00,0 days 00:00:00,,
2,3,MS,ABS,2023-01-01 08:30:00,CAI,0 days 04:15:00,0,B738,162,915,55,0,ABS -> ASW -> CAI,ABS_CAI,2023-01-01 12:45:00,"[3, 12]",1,0 days 02:05:00,0 days 00:00:00,ASW,
3,4,MS,ABS,2023-01-01 10:05:00,CAI,0 days 02:40:00,0,B738,162,915,55,0,ABS -> ASW -> CAI,ABS_CAI,2023-01-01 12:45:00,"[4, 12]",1,0 days 00:30:00,0 days 00:00:00,ASW,
3,4,MS,ABS,2023-01-01 10:05:00,CAI,0 days 06:05:00,0,B738,162,915,55,0,ABS -> ASW -> CAI,ABS_CAI,2023-01-01 16:10:00,"[4, 13]",1,0 days 03:55:00,0 days 00:00:00,ASW,
4,5,MS,ABS,2023-01-01 11:00:00,CAI,0 days 05:10:00,0,B738,162,915,55,0,ABS -> ASW -> CAI,ABS_CAI,2023-01-01 16:10:00,"[5, 13]",1,0 days 03:00:00,0 days 00:00:00,ASW,
4,5,MS,ABS,2023-01-01 11:00:00,CAI,0 days 06:05:00,0,B738,162,915,55,0,ABS -> ASW -> CAI,ABS_CAI,2023-01-01 17:05:00,"[5, 14]",1,0 days 03:55:00,0 days 00:00:00,ASW,
5,6,MS,ABS,2023-01-01 13:30:00,CAI,0 days 02:40:00,0,B738,162,915,55,0,ABS -> ASW -> CAI,ABS_CAI,2023-01-01 16:10:00,"[6, 13]",1,0 days 00:30:00,0 days 00:00:00,ASW,
5,6,MS,ABS,2023-01-01 13:30:00,CAI,0 days 03:35:00,0,B738,162,915,55,0,ABS -> ASW -> CAI,ABS_CAI,2023-01-01 17:05:00,"[6, 14]",1,0 days 01:25:00,0 days 00:00:00,ASW,
5,6,MS,ABS,2023-01-01 13:30:00,CAI,0 days 03:55:00,0,B738,162,915,55,0,ABS -> ASW -> CAI,ABS_CAI,2023-01-01 17:25:00,"[6, 15]",1,0 days 01:45:00,0 days 00:00:00,ASW,
98,99,SM,ABS,2023-01-01 11:40:00,CAI,0 days 03:40:00,1,ATR,70,915,55,0,ABS -> ASW -> CAI,ABS_CAI,2023-01-01 15:20:00,"[99, 103]",1,0 days 00:40:00,0 days 00:00:00,ASW,
98,99,SM,ABS,2023-01-01 11:40:00,CAI,0 days 04:05:00,0,ATR,70,915,55,1,ABS -> ASW -> CAI,ABS_CAI,2023-01-01 15:45:00,"[99, 104]",2,0 days 01:40:00,0 days 00:00:00,ASW,
98,99,SM,ABS,2023-01-01 11:40:00,CAI,0 days 05:45:00,1,ATR,70,915,55,0,ABS -> ASW -> CAI,ABS_CAI,2023-01-01 17:25:00,"[99, 105]",2,0 days 03:20:00,0 days 00:00:00,ASW,
3,4,MS,ABS,2023-01-01 10:05:00,HMB,0 days 07:55:00,0,B738,162,1176,55,0,ABS -> ASW -> CAI -> HMB,ABS_HMB,2023-01-01 18:00:00,"[4, 13, 50]",3,0 days 03:55:00,0 days 00:50:00,ASW,CAI
4,5,MS,ABS,2023-01-01 11:00:00,HMB,0 days 07:00:00,0,B738,162,1176,55,0,ABS -> ASW -> CAI -> HMB,ABS_HMB,2023-01-01 18:00:00,"[5, 13, 50]",3,0 days 03:00:00,0 days 00:50:00,ASW,CAI
5,6,MS,ABS,2023-01-01 13:30:00,HMB,0 days 04:30:00,0,B738,162,1176,55,0,ABS -> ASW -> CAI -> HMB,ABS_HMB,2023-01-01 18:00:00,"[6, 13, 50]",3,0 days 00:30:00,0 days 00:50:00,ASW,CAI
98,99,SM,ABS,2023-01-01 11:40:00,HMB,0 days 06:20:00,1,ATR,70,1176,55,0,ABS -> ASW -> CAI -> HMB,ABS_HMB,2023-01-01 18:00:00,"[99, 103, 128]",3,0 days 00:40:00,0 days 01:40:00,ASW,CAI
98,99,SM,ABS,2023-01-01 11:40:00,HMB,0 days 06:20:00,0,ATR,70,1176,55,1,ABS -> ASW -> CAI -> HMB,ABS_HMB,2023-01-01 18:00:00,"[99, 104, 128]",3,0 days 01:40:00,0 days 01:15:00,ASW,CAI
6,7,MS,ASW,2023-01-01 06:50:00,ABS,0 days 00:45:00,0,B738,162,216,55,0,ASW -> ABS,ASW_ABS,2023-01-01 07:35:00,[7],0,0 days 00:00:00,0 days 00:00:00,,
7,8,MS,ASW,2023-01-01 07:15:00,ABS,0 days 00:45:00,0,B738,162,216,55,0,ASW -> ABS,ASW_ABS,2023-01-01 08:00:00,[8],0,0 days 00:00:00,0 days 00:00:00,,
8,9,MS,ASW,2023-01-01 09:45:00,ABS,0 days 00:45:00,0,B738,162,216,55,0,ASW -> ABS,ASW_ABS,2023-01-01 10:30:00,[9],0,0 days 00:00:00,0 days 00:00:00,,
9,10,MS,ASW,2023-01-01 12:15:00,ABS,0 days 00:45:00,0,B738,162,216,55,0,ASW -> ABS,ASW_ABS,2023-01-01 13:00:00,[10],0,0 days 00:00:00,0 days 00:00:00,,
10,11,MS,ASW,2023-01-01 22:05:00,ABS,0 days 00:45:00,0,B738,162,216,55,0,ASW -> ABS,ASW_ABS,2023-01-01 22:50:00,[11],0,0 days 00:00:00,0 days 00:00:00,,
99,100,SM,ASW,2023-01-01 07:40:00,ABS,0 days 01:00:00,1,ATR,70,216,55,0,ASW -> ABS,ASW_ABS,2023-01-01 08:40:00,[100],0,0 days 00:00:00,0 days 00:00:00,,
12,13,MS,ASW,2023-01-01 14:45:00,ATZ,0 days 04:35:00,0,B738,162,1067,55,0,ASW -> CAI -> HMB -> ATZ,ASW_ATZ,2023-01-01 19:20:00,"[13, 50, 67]",3,0 days 00:50:00,0 days 00:40:00,CAI,HMB
11,12,MS,ASW,2023-01-01 11:20:00,CAI,0 days 01:25:00,0,B738,162,699,55,0,ASW -> CAI,ASW_CAI,2023-01-01 12:45:00,[12],0,0 days 00:00:00,0 days 00:00:00,,
12,13,MS,ASW,2023-01-01 14:45:00,CAI,0 days 01:25:00,0,B738,162,699,55,0,ASW -> CAI,ASW_CAI,2023-01-01 16:10:00,[13],0,0 days 00:00:00,0 days 00:00:00,,
13,14,MS,ASW,2023-01-01 15:40:00,CAI,0 days 01:25:00,0,B738,162,699,55,0,ASW -> CAI,ASW_CAI,2023-01-01 17:05:00,[14],0,0 days 00:00:00,0 days 00:00:00,,
14,15,MS,ASW,2023-01-01 16:00:00,CAI,0 days 01:25:00,0,B738,162,699,55,0,ASW -> CAI,ASW_CAI,2023-01-01 17:25:00,[15],0,0 days 00:00:00,0 days 00:00:00,,
15,16,MS,ASW,2023-01-01 20:40:00,CAI,0 days 01:25:00,0,B738,162,699,55,0,ASW -> CAI,ASW_CAI,2023-01-01 22:05:00,[16],0,0 days 00:00:00,0 days 00:00:00,,
16,17,MS,ASW,2023-01-01 21:45:00,CAI,0 days 01:25:00,0,B738,162,699,55,0,ASW -> CAI,ASW_CAI,2023-01-01 23:10:00,[17],0,0 days 00:00:00,0 days 00:00:00,,
17,18,MS,ASW,2023-01-01 22:00:00,CAI,0 days 01:25:00,0,B738,162,699,55,0,ASW -> CAI,ASW_CAI,2023-01-01 23:25:00,[18],0,0 days 00:00:00,0 days 00:00:00,,
18,19,MS,ASW,2023-01-01 22:05:00,CAI,0 days 01:25:00,0,B738,162,699,55,0,ASW -> CAI,ASW_CAI,2023-01-01 23:30:00,[19],0,0 days 00:00:00,0 days 00:00:00,,
19,20,MS,ASW,2023-01-01 22:05:00,CAI,0 days 01:25:00,0,B738,162,699,55,0,ASW -> CAI,ASW_CAI,2023-01-01 23:30:00,[20],0,0 days 00:00:00,0 days 00:00:00,,
20,21,MS,ASW,2023-01-01 22:55:00,CAI,0 days 01:25:00,0,B738,162,699,55,0,ASW -> CAI,ASW_CAI,2023-01-02 00:20:00,[21],0,0 days 00:00:00,0 days 00:00:00,,
21,22,MS,ASW,2023-01-01 06:00:00,CAI,0 days 01:25:00,0,B738,162,699,55,0,ASW -> CAI,ASW_CAI,2023-01-01 07:25:00,[22],0,0 days 00:00:00,0 days 00:00:00,,
22,23,MS,ASW,2023-01-01 06:30:00,CAI,0 days 01:25:00,0,B738,162,699,55,0,ASW -> CAI,ASW_CAI,2023-01-01 07:55:00,[23],0,0 days 00:00:00,0 days 00:00:00,,
23,24,MS,ASW,2023-01-01 07:35:00,CAI,0 days 01:25:00,0,B738,162,699,55,0,ASW -> CAI,ASW_CAI,2023-01-01 09:00:00,[24],0,0 days 00:00:00,0 days 00:00:00,,
24,25,MS,ASW,2023-01-01 08:05:00,CAI,0 days 01:25:00,0,B738,162,699,55,0,ASW -> CAI,ASW_CAI,2023-01-01 09:30:00,[25],0,0 days 00:00:00,0 days 00:00:00,,
25,26,MS,ASW,2023-01-01 08:05:00,CAI,0 days 01:25:00,0,B738,162,699,55,0,ASW -> CAI,ASW_CAI,2023-01-01 09:30:00,[26],0,0 days 00:00:00,0 days 00:00:00,,
26,27,MS,ASW,2023-01-01 08:20:00,CAI,0 days 01:25:00,0,B738,162,699,55,0,ASW -> CAI,ASW_CAI,2023-01-01 09:45:00,[27],0,0 days 00:00:00,0 days 00:00:00,,
27,28,MS,ASW,2023-01-01 09:05:00,CAI,0 days 01:25:00,0,B738,162,699,55,0,ASW -> CAI,ASW_CAI,2023-01-01 10:30:00,[28],0,0 days 00:00:00,0 days 00:00:00,,
28,29,MS,ASW,2023-01-01 07:05:00,CAI,0 days 02:45:00,0,B738,162,698,55,0,ASW -> LXR -> CAI,ASW_CAI,2023-01-01 09:50:00,"[29, 75]",1,0 days 00:55:00,0 days 00:00:00,LXR,
28,29,MS,ASW,2023-01-01 07:05:00,CAI,0 days 03:15:00,0,B738,162,698,55,0,ASW -> LXR -> CAI,ASW_CAI,2023-01-01 10:20:00,"[29, 76]",1,0 days 01:25:00,0 days 00:00:00,LXR,
28,29,MS,ASW,2023-01-01 07:05:00,CAI,0 days 04:05:00,0,B738,162,698,55,0,ASW -> LXR -> CAI,ASW_CAI,2023-01-01 11:10:00,"[29, 77]",1,0 days 02:15:00,0 days 00:00:00,LXR,
89,90,NP,ASW,2023-01-01 16:20:00,CAI,0 days 01:25:00,0,A320,150,699,55,0,ASW -> CAI,ASW_CAI,2023-01-01 17:45:00,[90],0,0 days 00:00:00,0 days 00:00:00,,
90,91,NP,ASW,2023-01-01 08:45:00,CAI,0 days 01:25:00,0,A320,150,699,55,0,ASW -> CAI,ASW_CAI,2023-01-01 10:10:00,[91],0,0 days 00:00:00,0 days 00:00:00,,
100,101,SM,ASW,2023-01-01 11:50:00,CAI,0 days 01:25:00,0,A320,150,699,55,0,ASW -> CAI,ASW_CAI,2023-01-01 13:15:00,[101],0,0 days 00:00:00,0 days 00:00:00,,
101,102,SM,ASW,2023-01-01 11:50:00,CAI,0 days 01:25:00,0,A320,150,699,55,0,ASW -> CAI,ASW_CAI,2023-01-01 13:15:00,[102],0,0 days 00:00:00,0 days 00:00:00,,
102,103,SM,ASW,2023-01-01 13:20:00,CAI,0 days 02:00:00,1,ATR,70,699,55,0,ASW -> CAI,ASW_CAI,2023-01-01 15:20:00,[103],0,0 days 00:00:00,0 days 00:00:00,,
103,104,SM,ASW,2023-01-01 14:20:00,CAI,0 days 01:25:00,0,E90,106,699,55,1,ASW -> CAI,ASW_CAI,2023-01-01 15:45:00,[104],0,0 days 00:00:00,0 days 00:00:00,,
104,105,SM,ASW,2023-01-01 16:00:00,CAI,0 days 01:25:00,0,A320,150,699,55,0,ASW -> CAI,ASW_CAI,2023-01-01 17:25:00,[105],0,0 days 00:00:00,0 days 00:00:00,,
105,106,SM,ASW,2023-01-01 16:50:00,CAI,0 days 01:25:00,0,A320,150,699,55,0,ASW -> CAI,ASW_CAI,2023-01-01 18:15:00,[106],0,0 days 00:00:00,0 days 00:00:00,,
106,107,SM,ASW,2023-01-01 19:00:00,CAI,0 days 01:25:00,0,E90,106,699,55,1,ASW -> CAI,ASW_CAI,2023-01-01 20:25:00,[107],0,0 days 00:00:00,0 days 00:00:00,,
107,108,SM,ASW,2023-01-01 20:00:00,CAI,0 days 01:25:00,0,E90,106,699,55,1,ASW -> CAI,ASW_CAI,2023-01-01 21:25:00,[108],0,0 days 00:00:00,0 days 00:00:00,,
108,109,SM,ASW,2023-01-01 21:45:00,CAI,0 days 01:25:00,0,A320,150,699,55,0,ASW -> CAI,ASW_CAI,2023-01-01 23:10:00,[109],0,0 days 00:00:00,0 days 00:00:00,,
109,110,SM,ASW,2023-01-01 07:20:00,CAI,0 days 01:25:00,0,A320,150,699,55,0,ASW -> CAI,ASW_CAI,2023-01-01 08:45:00,[110],0,0 days 00:00:00,0 days 00:00:00,,
110,111,SM,ASW,2023-01-01 07:20:00,CAI,0 days 02:00:00,1,ATR,70,699,55,0,ASW -> CAI,ASW_CAI,2023-01-01 09:20:00,[111],0,0 days 00:00:00,0 days 00:00:00,,
111,112,SM,ASW,2023-01-01 07:40:00,CAI,0 days 02:00:00,1,ATR,70,699,55,0,ASW -> CAI,ASW_CAI,2023-01-01 09:40:00,[112],0,0 days 00:00:00,0 days 00:00:00,,
112,113,SM,ASW,2023-01-01 08:20:00,CAI,0 days 01:25:00,0,E90,106,699,55,1,ASW -> CAI,ASW_CAI,2023-01-01 09:45:00,[113],0,0 days 00:00:00,0 days 00:00:00,,
181,182,UJ,ASW,2023-01-01 10:00:00,CAI,0 days 01:15:00,0,B734,188,699,55,0,ASW -> CAI,ASW_CAI,2023-01-01 11:15:00,[182],0,0 days 00:00:00,0 days 00:00:00,,
182,183,UJ,ASW,2023-01-01 14:30:00,CAI,0 days 01:15:00,0,B734,188,699,55,0,ASW -> CAI,ASW_CAI,2023-01-01 15:45:00,[183],0,0 days 00:00:00,0 days 00:00:00,,
12,13,MS,ASW,2023-01-01 14:45:00,HMB,0 days 03:15:00,0,B738,162,960,55,0,ASW -> CAI -> HMB,ASW_HMB,2023-01-01 18:00:00,"[13, 50]",1,0 days 00:50:00,0 days 00:00:00,CAI,
100,101,SM,ASW,2023-01-01 11:50:00,HMB,0 days 06:10:00,0,A320,150,960,55,0,ASW -> CAI -> HMB,ASW_HMB,2023-01-01 18:00:00,"[101, 128]",1,0 days 03:45:00,0 days 00:00:00,CAI,
101,102,SM,ASW,2023-01-01 11:50:00,HMB,0 days 06:10:00,0,A320,150,960,55,0,ASW -> CAI -> HMB,ASW_HMB,2023-01-01 18:00:00,"[102, 128]",1,0 days 03:45:00,0 days 00:00:00,CAI,
102,103,SM,ASW,2023-01-01 13:20:00,HMB,0 days 04:40:00,1,ATR,70,960,55,0,ASW -> CAI -> HMB,ASW_HMB,2023-01-01 18:00:00,"[103, 128]",2,0 days 01:40:00,0 days 00:00:00,CAI,
103,104,SM,ASW,2023-01-01 14:20:00,HMB,0 days 03:40:00,0,E90,106,960,55,1,ASW -> CAI -> HMB,ASW_HMB,2023-01-01 18:00:00,"[104, 128]",2,0 days 01:15:00,0 days 00:00:00,CAI,
11,12,MS,ASW,2023-01-01 11:20:00,HRG,0 days 03:10:00,0,B738,162,1101,55,0,ASW -> CAI -> HRG,ASW_HRG,2023-01-01 14:30:00,"[12, 52]",1,0 days 00:45:00,0 days 00:00:00,CAI,
12,13,MS,ASW,2023-01-01 14:45:00,HRG,0 days 05:15:00,0,B738,162,1101,55,0,ASW -> CAI -> HRG,ASW_HRG,2023-01-01 20:00:00,"[13, 53]",1,0 days 02:50:00,0 days 00:00:00,CAI,
13,14,MS,ASW,2023-01-01 15:40:00,HRG,0 days 04:20:00,0,B738,162,1101,55,0,ASW -> CAI -> HRG,ASW_HRG,2023-01-01 20:00:00,"[14, 53]",1,0 days 01:55:00,0 days 00:00:00,CAI,
14,15,MS,ASW,2023-01-01 16:00:00,HRG,0 days 04:00:00,0,B738,162,1101,55,0,ASW -> CAI -> HRG,ASW_HRG,2023-01-01 20:00:00,"[15, 53]",1,0 days 01:35:00,0 days 00:00:00,CAI,
15,16,MS,ASW,2023-01-01 20:40:00,HRG,0 days 02:50:00,0,B738,162,1101,55,0,ASW -> CAI -> HRG,ASW_HRG,2023-01-01 23:30:00,"[16, 54]",1,0 days 00:25:00,0 days 00:00:00,CAI,
21,22,MS,ASW,2023-01-01 06:00:00,HRG,0 days 05:00:00,0,B738,162,1101,55,0,ASW -> CAI -> HRG,ASW_HRG,2023-01-01 11:00:00,"[22, 51]",1,0 days 02:35:00,0 days 00:00:00,CAI,
21,22,MS,ASW,2023-01-01 06:00:00,HRG,0 days 04:00:00,0,B738,162,1101,55,0,ASW -> CAI -> HRG,ASW_HRG,2023-01-01 10:00:00,"[22, 55]",1,0 days 01:35:00,0 days 00:00:00,CAI,
22,23,MS,ASW,2023-01-01 06:30:00,HRG,0 days 04:30:00,0,B738,162,1101,55,0,ASW -> CAI -> HRG,ASW_HRG,2023-01-01 11:00:00,"[23, 51]",1,0 days 02:05:00,0 days 00:00:00,CAI,
22,23,MS,ASW,2023-01-01 06:30:00,HRG,0 days 03:30:00,0,B738,162,1101,55,0,ASW -> CAI -> HRG,ASW_HRG,2023-01-01 10:00:00,"[23, 55]",1,0 days 01:05:00,0 days 00:00:00,CAI,
23,24,MS,ASW,2023-01-01 07:35:00,HRG,0 days 03:25:00,0,B738,162,1101,55,0,ASW -> CAI -> HRG,ASW_HRG,2023-01-01 11:00:00,"[24, 51]",1,0 days 01:00:00,0 days 00:00:00,CAI,
24,25,MS,ASW,2023-01-01 08:05:00,HRG,0 days 02:55:00,0,B738,162,1101,55,0,ASW -> CAI -> HRG,ASW_HRG,2023-01-01 11:00:00,"[25, 51]",1,0 days 00:30:00,0 days 00:00:00,CAI,
25,26,MS,ASW,2023-01-01 08:05:00,HRG,0 days 02:55:00,0,B738,162,1101,55,0,ASW -> CAI -> HRG,ASW_HRG,2023-01-01 11:00:00,"[26, 51]",1,0 days 00:30:00,0 days 00:00:00,CAI,
26,27,MS,ASW,2023-01-01 08:20:00,HRG,0 days 06:10:00,0,B738,162,1101,55,0,ASW -> CAI -> HRG,ASW_HRG,2023-01-01 14:30:00,"[27, 52]",1,0 days 03:45:00,0 days 00:00:00,CAI,
27,28,MS,ASW,2023-01-01 09:05:00,HRG,0 days 05:25:00,0,B738,162,1101,55,0,ASW -> CAI -> HRG,ASW_HRG,2023-01-01 14:30:00,"[28, 52]",1,0 days 03:00:00,0 days 00:00:00,CAI,
28,29,MS,ASW,2023-01-01 07:05:00,HRG,0 days 07:25:00,0,B738,162,1100,55,0,ASW -> LXR -> CAI -> HRG,ASW_HRG,2023-01-01 14:30:00,"[29, 75, 52]",3,0 days 00:55:00,0 days 03:40:00,LXR,CAI
28,29,MS,ASW,2023-01-01 07:05:00,HRG,0 days 07:25:00,0,B738,162,1100,55,0,ASW -> LXR -> CAI -> HRG,ASW_HRG,2023-01-01 14:30:00,"[29, 76, 52]",3,0 days 01:25:00,0 days 03:10:00,LXR,CAI
28,29,MS,ASW,2023-01-01 07:05:00,HRG,0 days 07:25:00,0,B738,162,1100,55,0,ASW -> LXR -> CAI -> HRG,ASW_HRG,2023-01-01 14:30:00,"[29, 77, 52]",3,0 days 02:15:00,0 days 02:20:00,LXR,CAI
106,107,SM,ASW,2023-01-01 19:00:00,HRG,0 days 05:50:00,0,E90,106,1101,55,1,ASW -> CAI -> HRG,ASW_HRG,2023-01-02 00:50:00,"[107, 131]",1,0 days 03:05:00,0 days 00:00:00,CAI,
107,108,SM,ASW,2023-01-01 20:00:00,HRG,0 days 04:50:00,0,E90,106,1101,55,1,ASW -> CAI -> HRG,ASW_HRG,2023-01-02 00:50:00,"[108, 131]",1,0 days 02:05:00,0 days 00:00:00,CAI,
109,110,SM,ASW,2023-01-01 07:20:00,HRG,0 days 03:25:00,0,A320,150,1101,55,0,ASW -> CAI -> HRG,ASW_HRG,2023-01-01 10:45:00,"[110, 130]",1,0 days 00:40:00,0 days 00:00:00,CAI,
28,29,MS,ASW,2023-01-01 07:05:00,LXR,0 days 00:40:00,0,B738,162,191,55,0,ASW -> LXR,ASW_LXR,2023-01-01 07:45:00,[29],0,0 days 00:00:00,0 days 00:00:00,,
11,12,MS,ASW,2023-01-01 11:20:00,SSH,0 days 03:20:00,0,B738,162,1075,55,0,ASW -> CAI -> SSH,ASW_SSH,2023-01-01 14:40:00,"[12, 64]",1,0 days 00:55:00,0 days 00:00:00,CAI,
12,13,MS,ASW,2023-01-01 14:45:00,SSH,0 days 06:05:00,0,B738,162,1075,55,0,ASW -> CAI -> SSH,ASW_SSH,2023-01-01 20:50:00,"[13, 65]",1,0 days 03:40:00,0 days 00:00:00,CAI,
13,14,MS,ASW,2023-01-01 15:40:00,SSH,0 days 05:10:00,0,B738,162,1075,55,0,ASW -> CAI -> SSH,ASW_SSH,2023-01-01 20:50:00,"[14, 65]",1,0 days 02:45:00,0 days 00:00:00,CAI,
14,15,MS,ASW,2023-01-01 16:00:00,SSH,0 days 04:50:00,0,B738,162,1075,55,0,ASW -> CAI -> SSH,ASW_SSH,2023-01-01 20:50:00,"[15, 65]",1,0 days 02:25:00,0 days 00:00:00,CAI,
15,16,MS,ASW,2023-01-01 20:40:00,SSH,0 days 02:55:00,0,B738,162,1075,55,0,ASW -> CAI -> SSH,ASW_SSH,2023-01-01 23:35:00,"[16, 66]",1,0 days 00:30:00,0 days 00:00:00,CAI,
21,22,MS,ASW,2023-01-01 06:00:00,SSH,0 days 04:30:00,0,B738,162,1075,55,0,ASW -> CAI -> SSH,ASW_SSH,2023-01-01 10:30:00,"[22, 63]",1,0 days 02:05:00,0 days 00:00:00,CAI,
22,23,MS,ASW,2023-01-01 06:30:00,SSH,0 days 04:00:00,0,B738,162,1075,55,0,ASW -> CAI -> SSH,ASW_SSH,2023-01-01 10:30:00,"[23, 63]",1,0 days 01:35:00,0 days 00:00:00,CAI,
23,24,MS,ASW,2023-01-01 07:35:00,SSH,0 days 02:55:00,0,B738,162,1075,55,0,ASW -> CAI -> SSH,ASW_SSH,2023-01-01 10:30:00,"[24, 63]",1,0 days 00:30:00,0 days 00:00:00,CAI,
26,27,MS,ASW,2023-01-01 08:20:00,SSH,0 days 06:20:00,0,B738,162,1075,55,0,ASW -> CAI -> SSH,ASW_SSH,2023-01-01 14:40:00,"[27, 64]",1,0 days 03:55:00,0 days 00:00:00,CAI,
27,28,MS,ASW,2023-01-01 09:05:00,SSH,0 days 05:35:00,0,B738,162,1075,55,0,ASW -> CAI -> SSH,ASW_SSH,2023-01-01 14:40:00,"[28, 64]",1,0 days 03:10:00,0 days 00:00:00,CAI,
28,29,MS,ASW,2023-01-01 07:05:00,SSH,0 days 07:35:00,0,B738,162,1074,55,0,ASW -> LXR -> CAI -> SSH,ASW_SSH,2023-01-01 14:40:00,"[29, 75, 64]",3,0 days 00:55:00,0 days 03:50:00,LXR,CAI
28,29,MS,ASW,2023-01-01 07:05:00,SSH,0 days 07:35:00,0,B738,162,1074,55,0,ASW -> LXR -> CAI -> SSH,ASW_SSH,2023-01-01 14:40:00,"[29, 76, 64]",3,0 days 01:25:00,0 days 03:20:00,LXR,CAI
28,29,MS,ASW,2023-01-01 07:05:00,SSH,0 days 07:35:00,0,B738,162,1074,55,0,ASW -> LXR -> CAI -> SSH,ASW_SSH,2023-01-01 14:40:00,"[29, 77, 64]",3,0 days 02:15:00,0 days 02:30:00,LXR,CAI
100,101,SM,ASW,2023-01-01 11:50:00,SSH,0 days 06:20:00,1,A320,70,1075,55,0,ASW -> CAI -> SSH,ASW_SSH,2023-01-01 18:10:00,"[101, 147]",2,0 days 03:25:00,0 days 00:00:00,CAI,
101,102,SM,ASW,2023-01-01 11:50:00,SSH,0 days 06:20:00,1,A320,70,1075,55,0,ASW -> CAI -> SSH,ASW_SSH,2023-01-01 18:10:00,"[102, 147]",2,0 days 03:25:00,0 days 00:00:00,CAI,
102,103,SM,ASW,2023-01-01 13:20:00,SSH,0 days 04:50:00,1,ATR,70,1075,55,0,ASW -> CAI -> SSH,ASW_SSH,2023-01-01 18:10:00,"[103, 147]",1,0 days 01:20:00,0 days 00:00:00,CAI,
102,103,SM,ASW,2023-01-01 13:20:00,SSH,0 days 06:50:00,1,ATR,70,1075,55,0,ASW -> CAI -> SSH,ASW_SSH,2023-01-01 20:10:00,"[103, 148]",2,0 days 03:50:00,0 days 00:00:00,CAI,
103,104,SM,ASW,2023-01-01 14:20:00,SSH,0 days 03:50:00,0,E90,70,1075,55,1,ASW -> CAI -> SSH,ASW_SSH,2023-01-01 18:10:00,"[104, 147]",2,0 days 00:55:00,0 days 00:00:00,CAI,
103,104,SM,ASW,2023-01-01 14:20:00,SSH,0 days 05:50:00,0,E90,106,1075,55,1,ASW -> CAI -> SSH,ASW_SSH,2023-01-01 20:10:00,"[104, 148]",2,0 days 03:25:00,0 days 00:00:00,CAI,
104,105,SM,ASW,2023-01-01 16:00:00,SSH,0 days 04:10:00,0,A320,150,1075,55,0,ASW -> CAI -> SSH,ASW_SSH,2023-01-01 20:10:00,"[105, 148]",1,0 days 01:45:00,0 days 00:00:00,CAI,
105,106,SM,ASW,2023-01-01 16:50:00,SSH,0 days 03:20:00,0,A320,150,1075,55,0,ASW -> CAI -> SSH,ASW_SSH,2023-01-01 20:10:00,"[106, 148]",1,0 days 00:55:00,0 days 00:00:00,CAI,
109,110,SM,ASW,2023-01-01 07:20:00,SSH,0 days 06:30:00,1,A320,70,1075,55,0,ASW -> CAI -> SSH,ASW_SSH,2023-01-01 13:50:00,"[110, 146]",2,0 days 03:35:00,0 days 00:00:00,CAI,
110,111,SM,ASW,2023-01-01 07:20:00,SSH,0 days 06:30:00,1,ATR,70,1075,55,0,ASW -> CAI -> SSH,ASW_SSH,2023-01-01 13:50:00,"[111, 146]",1,0 days 03:00:00,0 days 00:00:00,CAI,
111,112,SM,ASW,2023-01-01 07:40:00,SSH,0 days 06:10:00,1,ATR,70,1075,55,0,ASW -> CAI -> SSH,ASW_SSH,2023-01-01 13:50:00,"[112, 146]",1,0 days 02:40:00,0 days 00:00:00,CAI,
112,113,SM,ASW,2023-01-01 08:20:00,SSH,0 days 05:30:00,0,E90,70,1075,55,1,ASW -> CAI -> SSH,ASW_SSH,2023-01-01 13:50:00,"[113, 146]",2,0 days 02:35:00,0 days 00:00:00,CAI,
29,30,MS,ATZ,2023-01-01 20:00:00,ASW,0 days 03:30:00,0,A320,150,1018,55,0,ATZ -> CAI -> ASW,ATZ_ASW,2023-01-01 23:30:00,"[30, 48]",2,0 days 01:10:00,0 days 00:00:00,CAI,
29,30,MS,ATZ,2023-01-01 20:00:00,CAI,0 days 00:55:00,0,A320,150,319,55,0,ATZ -> CAI,ATZ_CAI,2023-01-01 20:55:00,[30],0,0 days 00:00:00,0 days 00:00:00,,
30,31,MS,ATZ,2023-01-01 08:25:00,HMB,0 days 00:40:00,0,B738,162,107,55,0,ATZ -> HMB,ATZ_HMB,2023-01-01 09:05:00,[31],0,0 days 00:00:00,0 days 00:00:00,,
29,30,MS,ATZ,2023-01-01 20:00:00,HRG,0 days 03:30:00,0,A320,150,721,55,0,ATZ -> CAI -> HRG,ATZ_HRG,2023-01-01 23:30:00,"[30, 54]",2,0 days 01:35:00,0 days 00:00:00,CAI,
29,30,MS,ATZ,2023-01-01 20:00:00,LXR,0 days 02:45:00,0,A320,150,826,55,0,ATZ -> CAI -> LXR,ATZ_LXR,2023-01-01 22:45:00,"[30, 60]",2,0 days 00:50:00,0 days 00:00:00,CAI,
29,30,MS,ATZ,2023-01-01 20:00:00,LXR,0 days 03:00:00,0,A320,150,826,55,0,ATZ -> CAI -> LXR,ATZ_LXR,2023-01-01 23:00:00,"[30, 61]",2,0 days 01:05:00,0 days 00:00:00,CAI,
29,30,MS,ATZ,2023-01-01 20:00:00,SSH,0 days 03:35:00,0,A320,150,695,55,0,ATZ -> CAI -> SSH,ATZ_SSH,2023-01-01 23:35:00,"[30, 66]",2,0 days 01:40:00,0 days 00:00:00,CAI,
31,32,MS,CAI,2023-01-01 04:30:00,ABS,0 days 03:05:00,0,B738,162,915,55,0,CAI -> ASW -> ABS,CAI_ABS,2023-01-01 07:35:00,"[32, 7]",1,0 days 00:55:00,0 days 00:00:00,ASW,
31,32,MS,CAI,2023-01-01 04:30:00,ABS,0 days 03:30:00,0,B738,162,915,55,0,CAI -> ASW -> ABS,CAI_ABS,2023-01-01 08:00:00,"[32, 8]",1,0 days 01:20:00,0 days 00:00:00,ASW,
31,32,MS,CAI,2023-01-01 04:30:00,ABS,0 days 06:00:00,0,B738,162,915,55,0,CAI -> ASW -> ABS,CAI_ABS,2023-01-01 10:30:00,"[32, 9]",1,0 days 03:50:00,0 days 00:00:00,ASW,
32,33,MS,CAI,2023-01-01 05:00:00,ABS,0 days 02:35:00,0,B738,162,915,55,0,CAI -> ASW -> ABS,CAI_ABS,2023-01-01 07:35:00,"[33, 7]",1,0 days 00:25:00,0 days 00:00:00,ASW,
32,33,MS,CAI,2023-01-01 05:00:00,ABS,0 days 03:00:00,0,B738,162,915,55,0,CAI -> ASW -> ABS,CAI_ABS,2023-01-01 08:00:00,"[33, 8]",1,0 days 00:50:00,0 days 00:00:00,ASW,
32,33,MS,CAI,2023-01-01 05:00:00,ABS,0 days 05:30:00,0,B738,162,915,55,0,CAI -> ASW -> ABS,CAI_ABS,2023-01-01 10:30:00,"[33, 9]",1,0 days 03:20:00,0 days 00:00:00,ASW,
33,34,MS,CAI,2023-01-01 05:15:00,ABS,0 days 02:45:00,0,B738,162,915,55,0,CAI -> ASW -> ABS,CAI_ABS,2023-01-01 08:00:00,"[34, 8]",1,0 days 00:35:00,0 days 00:00:00,ASW,
33,34,MS,CAI,2023-01-01 05:15:00,ABS,0 days 05:15:00,0,B738,162,915,55,0,CAI -> ASW -> ABS,CAI_ABS,2023-01-01 10:30:00,"[34, 9]",1,0 days 03:05:00,0 days 00:00:00,ASW,
34,35,MS,CAI,2023-01-01 05:20:00,ABS,0 days 02:40:00,0,B738,162,915,55,0,CAI -> ASW -> ABS,CAI_ABS,2023-01-01 08:00:00,"[35, 8]",1,0 days 00:30:00,0 days 00:00:00,ASW,
34,35,MS,CAI,2023-01-01 05:20:00,ABS,0 days 05:10:00,0,B738,162,915,55,0,CAI -> ASW -> ABS,CAI_ABS,2023-01-01 10:30:00,"[35, 9]",1,0 days 03:00:00,0 days 00:00:00,ASW,
35,36,MS,CAI,2023-01-01 05:40:00,ABS,0 days 04:50:00,0,B738,162,915,55,0,CAI -> ASW -> ABS,CAI_ABS,2023-01-01 10:30:00,"[36, 9]",1,0 days 02:40:00,0 days 00:00:00,ASW,
36,37,MS,CAI,2023-01-01 06:00:00,ABS,0 days 04:30:00,0,B738,162,915,55,0,CAI -> ASW -> ABS,CAI_ABS,2023-01-01 10:30:00,"[37, 9]",1,0 days 02:20:00,0 days 00:00:00,ASW,
37,38,MS,CAI,2023-01-01 06:10:00,ABS,0 days 04:20:00,0,B738,162,915,55,0,CAI -> ASW -> ABS,CAI_ABS,2023-01-01 10:30:00,"[38, 9]",1,0 days 02:10:00,0 days 00:00:00,ASW,
38,39,MS,CAI,2023-01-01 06:15:00,ABS,0 days 04:15:00,0,B738,162,915,55,0,CAI -> ASW -> ABS,CAI_ABS,2023-01-01 10:30:00,"[39, 9]",1,0 days 02:05:00,0 days 00:00:00,ASW,
39,40,MS,CAI,2023-01-01 07:10:00,ABS,0 days 03:20:00,0,B738,162,915,55,0,CAI -> ASW -> ABS,CAI_ABS,2023-01-01 10:30:00,"[40, 9]",1,0 days 01:10:00,0 days 00:00:00,ASW,
39,40,MS,CAI,2023-01-01 07:10:00,ABS,0 days 05:50:00,0,B738,162,915,55,0,CAI -> ASW -> ABS,CAI_ABS,2023-01-01 13:00:00,"[40, 10]",1,0 days 03:40:00,0 days 00:00:00,ASW,
42,43,MS,CAI,2023-01-01 18:45:00,ABS,0 days 04:05:00,0,B738,162,915,55,0,CAI -> ASW -> ABS,CAI_ABS,2023-01-01 22:50:00,"[43, 11]",1,0 days 01:55:00,0 days 00:00:00,ASW,
43,44,MS,CAI,2023-01-01 19:50:00,ABS,0 days 03:00:00,0,B738,162,915,55,0,CAI -> ASW -> ABS,CAI_ABS,2023-01-01 22:50:00,"[44, 11]",1,0 days 00:50:00,0 days 00:00:00,ASW,
44,45,MS,CAI,2023-01-01 20:00:00,ABS,0 days 02:50:00,0,B738,162,915,55,0,CAI -> ASW -> ABS,CAI_ABS,2023-01-01 22:50:00,"[45, 11]",1,0 days 00:40:00,0 days 00:00:00,ASW,
45,46,MS,CAI,2023-01-01 20:05:00,ABS,0 days 02:45:00,0,B738,162,915,55,0,CAI -> ASW -> ABS,CAI_ABS,2023-01-01 22:50:00,"[46, 11]",1,0 days 00:35:00,0 days 00:00:00,ASW,
113,114,SM,CAI,2023-01-01 04:30:00,ABS,0 days 04:10:00,1,ATR,70,915,55,0,CAI -> ASW -> ABS,CAI_ABS,2023-01-01 08:40:00,"[114, 100]",1,0 days 01:10:00,0 days 00:00:00,ASW,
114,115,SM,CAI,2023-01-01 05:00:00,ABS,0 days 03:40:00,1,ATR,70,915,55,0,CAI -> ASW -> ABS,CAI_ABS,2023-01-01 08:40:00,"[115, 100]",1,0 days 00:40:00,0 days 00:00:00,ASW,
115,116,SM,CAI,2023-01-01 05:00:00,ABS,0 days 03:40:00,1,A320,70,915,55,0,CAI -> ASW -> ABS,CAI_ABS,2023-01-01 08:40:00,"[116, 100]",2,0 days 01:15:00,0 days 00:00:00,ASW,
116,117,SM,CAI,2023-01-01 05:00:00,ABS,0 days 03:40:00,1,A320,70,915,55,0,CAI -> ASW -> ABS,CAI_ABS,2023-01-01 08:40:00,"[117, 100]",2,0 days 01:15:00,0 days 00:00:00,ASW,
31,32,MS,CAI,2023-01-01 04:30:00,ASW,0 days 01:25:00,0,B738,162,699,55,0,CAI -> ASW,CAI_ASW,2023-01-01 05:55:00,[32],0,0 days 00:00:00,0 days 00:00:00,,
32,33,MS,CAI,2023-01-01 05:00:00,ASW,0 days 01:25:00,0,B738,162,699,55,0,CAI -> ASW,CAI_ASW,2023-01-01 06:25:00,[33],0,0 days 00:00:00,0 days 00:00:00,,
33,34,MS,CAI,2023-01-01 05:15:00,ASW,0 days 01:25:00,0,B738,162,699,55,0,CAI -> ASW,CAI_ASW,2023-01-01 06:40:00,[34],0,0 days 00:00:00,0 days 00:00:00,,
34,35,MS,CAI,2023-01-01 05:20:00,ASW,0 days 01:25:00,0,B738,162,699,55,0,CAI -> ASW,CAI_ASW,2023-01-01 06:45:00,[35],0,0 days 00:00:00,0 days 00:00:00,,
35,36,MS,CAI,2023-01-01 05:40:00,ASW,0 days 01:25:00,0,B738,162,699,55,0,CAI -> ASW,CAI_ASW,2023-01-01 07:05:00,[36],0,0 days 00:00:00,0 days 00:00:00,,
36,37,MS,CAI,2023-01-01 06:00:00,ASW,0 days 01:25:00,0,B738,162,699,55,0,CAI -> ASW,CAI_ASW,2023-01-01 07:25:00,[37],0,0 days 00:00:00,0 days 00:00:00,,
37,38,MS,CAI,2023-01-01 06:10:00,ASW,0 days 01:25:00,0,B738,162,699,55,0,CAI -> ASW,CAI_ASW,2023-01-01 07:35:00,[38],0,0 days 00:00:00,0 days 00:00:00,,
38,39,MS,CAI,2023-01-01 06:15:00,ASW,0 days 01:25:00,0,B738,162,699,55,0,CAI -> ASW,CAI_ASW,2023-01-01 07:40:00,[39],0,0 days 00:00:00,0 days 00:00:00,,
39,40,MS,CAI,2023-01-01 07:10:00,ASW,0 days 01:25:00,0,B738,162,699,55,0,CAI -> ASW,CAI_ASW,2023-01-01 08:35:00,[40],0,0 days 00:00:00,0 days 00:00:00,,
40,41,MS,CAI,2023-01-01 13:45:00,ASW,0 days 01:25:00,0,B738,162,699,55,0,CAI -> ASW,CAI_ASW,2023-01-01 15:10:00,[41],0,0 days 00:00:00,0 days 00:00:00,,
41,42,MS,CAI,2023-01-01 13:55:00,ASW,0 days 01:25:00,0,B738,162,699,55,0,CAI -> ASW,CAI_ASW,2023-01-01 15:20:00,[42],0,0 days 00:00:00,0 days 00:00:00,,
42,43,MS,CAI,2023-01-01 18:45:00,ASW,0 days 01:25:00,0,B738,162,699,55,0,CAI -> ASW,CAI_ASW,2023-01-01 20:10:00,[43],0,0 days 00:00:00,0 days 00:00:00,,
43,44,MS,CAI,2023-01-01 19:50:00,ASW,0 days 01:25:00,0,B738,162,699,55,0,CAI -> ASW,CAI_ASW,2023-01-01 21:15:00,[44],0,0 days 00:00:00,0 days 00:00:00,,
44,45,MS,CAI,2023-01-01 20:00:00,ASW,0 days 01:25:00,0,B738,162,699,55,0,CAI -> ASW,CAI_ASW,2023-01-01 21:25:00,[45],0,0 days 00:00:00,0 days 00:00:00,,
45,46,MS,CAI,2023-01-01 20:05:00,ASW,0 days 01:25:00,0,B738,162,699,55,0,CAI -> ASW,CAI_ASW,2023-01-01 21:30:00,[46],0,0 days 00:00:00,0 days 00:00:00,,
46,47,MS,CAI,2023-01-01 20:55:00,ASW,0 days 01:25:00,0,B738,162,699,55,0,CAI -> ASW,CAI_ASW,2023-01-01 22:20:00,[47],0,0 days 00:00:00,0 days 00:00:00,,
47,48,MS,CAI,2023-01-01 22:05:00,ASW,0 days 01:25:00,0,B738,162,699,55,0,CAI -> ASW,CAI_ASW,2023-01-01 23:30:00,[48],0,0 days 00:00:00,0 days 00:00:00,,
91,92,NP,CAI,2023-01-01 11:10:00,ASW,0 days 01:25:00,0,A320,150,699,55,0,CAI -> ASW,CAI_ASW,2023-01-01 12:35:00,[92],0,0 days 00:00:00,0 days 00:00:00,,
92,93,NP,CAI,2023-01-01 18:40:00,ASW,0 days 01:25:00,0,A320,150,699,55,0,CAI -> ASW,CAI_ASW,2023-01-01 20:05:00,[93],0,0 days 00:00:00,0 days 00:00:00,,
113,114,SM,CAI,2023-01-01 04:30:00,ASW,0 days 02:00:00,1,ATR,70,699,55,0,CAI -> ASW,CAI_ASW,2023-01-01 06:30:00,[114],0,0 days 00:00:00,0 days 00:00:00,,
114,115,SM,CAI,2023-01-01 05:00:00,ASW,0 days 02:00:00,1,ATR,70,699,55,0,CAI -> ASW,CAI_ASW,2023-01-01 07:00:00,[115],0,0 days 00:00:00,0 days 00:00:00,,
115,116,SM,CAI,2023-01-01 05:00:00,ASW,0 days 01:25:00,0,A320,150,699,55,0,CAI -> ASW,CAI_ASW,2023-01-01 06:25:00,[116],0,0 days 00:00:00,0 days 00:00:00,,
116,117,SM,CAI,2023-01-01 05:00:00,ASW,0 days 01:25:00,0,A320,150,699,55,0,CAI -> ASW,CAI_ASW,2023-01-01 06:25:00,[117],0,0 days 00:00:00,0 days 00:00:00,,
117,118,SM,CAI,2023-01-01 06:00:00,ASW,0 days 01:25:00,0,E90,106,699,55,1,CAI -> ASW,CAI_ASW,2023-01-01 07:25:00,[118],0,0 days 00:00:00,0 days 00:00:00,,
118,119,SM,CAI,2023-01-01 09:30:00,ASW,0 days 01:25:00,0,A320,150,699,55,0,CAI -> ASW,CAI_ASW,2023-01-01 10:55:00,[119],0,0 days 00:00:00,0 days 00:00:00,,
119,120,SM,CAI,2023-01-01 09:30:00,ASW,0 days 01:25:00,0,A320,150,699,55,0,CAI -> ASW,CAI_ASW,2023-01-01 10:55:00,[120],0,0 days 00:00:00,0 days 00:00:00,,
120,121,SM,CAI,2023-01-01 11:40:00,ASW,0 days 02:00:00,1,ATR,70,699,55,0,CAI -> ASW,CAI_ASW,2023-01-01 13:40:00,[121],0,0 days 00:00:00,0 days 00:00:00,,
121,122,SM,CAI,2023-01-01 12:00:00,ASW,0 days 01:25:00,0,E90,106,699,55,1,CAI -> ASW,CAI_ASW,2023-01-01 13:25:00,[122],0,0 days 00:00:00,0 days 00:00:00,,
122,123,SM,CAI,2023-01-01 14:30:00,ASW,0 days 01:25:00,0,A320,150,699,55,0,CAI -> ASW,CAI_ASW,2023-01-01 15:55:00,[123],0,0 days 00:00:00,0 days 00:00:00,,
123,124,SM,CAI,2023-01-01 16:20:00,ASW,0 days 02:00:00,1,ATR,70,699,55,0,CAI -> ASW,CAI_ASW,2023-01-01 18:20:00,[124],0,0 days 00:00:00,0 days 00:00:00,,
124,125,SM,CAI,2023-01-01 17:40:00,ASW,0 days 01:25:00,0,E90,106,699,55,1,CAI -> ASW,CAI_ASW,2023-01-01 19:05:00,[125],0,0 days 00:00:00,0 days 00:00:00,,
125,126,SM,CAI,2023-01-01 19:50:00,ASW,0 days 02:00:00,1,ATR,70,699,55,0,CAI -> ASW,CAI_ASW,2023-01-01 21:50:00,[126],0,0 days 00:00:00,0 days 00:00:00,,
126,127,SM,CAI,2023-01-01 20:00:00,ASW,0 days 02:00:00,1,ATR,70,699,55,0,CAI -> ASW,CAI_ASW,2023-01-01 22:00:00,[127],0,0 days 00:00:00,0 days 00:00:00,,
183,184,UJ,CAI,2023-01-01 12:15:00,ASW,0 days 01:15:00,0,B734,188,699,55,0,CAI -> ASW,CAI_ASW,2023-01-01 13:30:00,[184],0,0 days 00:00:00,0 days 00:00:00,,
184,185,UJ,CAI,2023-01-01 16:45:00,ASW,0 days 01:15:00,0,B734,188,699,55,0,CAI -> ASW,CAI_ASW,2023-01-01 18:00:00,[185],0,0 days 00:00:00,0 days 00:00:00,,
48,49,MS,CAI,2023-01-01 06:45:00,ATZ,0 days 01:00:00,0,A320,150,319,55,0,CAI -> ATZ,CAI_ATZ,2023-01-01 07:45:00,[49],0,0 days 00:00:00,0 days 00:00:00,,
49,50,MS,CAI,2023-01-01 17:00:00,ATZ,0 days 02:20:00,0,B738,162,368,55,0,CAI -> HMB -> ATZ,CAI_ATZ,2023-01-01 19:20:00,"[50, 67]",1,0 days 00:40:00,0 days 00:00:00,HMB,
49,50,MS,CAI,2023-01-01 17:00:00,HMB,0 days 01:00:00,0,B738,162,261,55,0,CAI -> HMB,CAI_HMB,2023-01-01 18:00:00,[50],0,0 days 00:00:00,0 days 00:00:00,,
48,49,MS,CAI,2023-01-01 06:45:00,HMB,0 days 02:20:00,0,A320,150,426,55,0,CAI -> ATZ -> HMB,CAI_HMB,2023-01-01 09:05:00,"[49, 31]",2,0 days 00:40:00,0 days 00:00:00,ATZ,
127,128,SM,CAI,2023-01-01 17:00:00,HMB,0 days 01:00:00,0,A320,150,261,55,0,CAI -> HMB,CAI_HMB,2023-01-01 18:00:00,[128],0,0 days 00:00:00,0 days 00:00:00,,
50,51,MS,CAI,2023-01-01 10:00:00,HRG,0 days 01:00:00,0,B738,162,402,55,0,CAI -> HRG,CAI_HRG,2023-01-01 11:00:00,[51],0,0 days 00:00:00,0 days 00:00:00,,
51,52,MS,CAI,2023-01-01 13:30:00,HRG,0 days 01:00:00,0,B738,162,402,55,0,CAI -> HRG,CAI_HRG,2023-01-01 14:30:00,[52],0,0 days 00:00:00,0 days 00:00:00,,
52,53,MS,CAI,2023-01-01 19:00:00,HRG,0 days 01:00:00,0,B738,162,402,55,0,CAI -> HRG,CAI_HRG,2023-01-01 20:00:00,[53],0,0 days 00:00:00,0 days 00:00:00,,
53,54,MS,CAI,2023-01-01 22:30:00,HRG,0 days 01:00:00,0,B738,162,402,55,0,CAI -> HRG,CAI_HRG,2023-01-01 23:30:00,[54],0,0 days 00:00:00,0 days 00:00:00,,
54,55,MS,CAI,2023-01-01 09:00:00,HRG,0 days 01:00:00,0,B738,162,402,55,0,CAI -> HRG,CAI_HRG,2023-01-01 10:00:00,[55],0,0 days 00:00:00,0 days 00:00:00,,
86,87,NE,CAI,2023-01-01 15:00:00,HRG,0 days 01:00:00,0,A320,150,402,55,0,CAI -> HRG,CAI_HRG,2023-01-01 16:00:00,[87],0,0 days 00:00:00,0 days 00:00:00,,
128,129,SM,CAI,2023-01-01 04:00:00,HRG,0 days 01:20:00,0,A320,150,402,55,0,CAI -> HRG,CAI_HRG,2023-01-01 05:20:00,[129],0,0 days 00:00:00,0 days 00:00:00,,
129,130,SM,CAI,2023-01-01 09:25:00,HRG,0 days 01:20:00,0,A320,150,402,55,0,CAI -> HRG,CAI_HRG,2023-01-01 10:45:00,[130],0,0 days 00:00:00,0 days 00:00:00,,
130,131,SM,CAI,2023-01-01 23:30:00,HRG,0 days 01:20:00,0,E90,106,402,55,1,CAI -> HRG,CAI_HRG,2023-01-02 00:50:00,[131],0,0 days 00:00:00,0 days 00:00:00,,
148,149,SM,CAI,2023-01-01 08:00:00,HRG,0 days 02:25:00,1,ATR,70,482,55,0,CAI -> SSH -> HRG,CAI_HRG,2023-01-01 10:25:00,"[149, 179]",2,0 days 00:25:00,0 days 00:00:00,SSH,
55,56,MS,CAI,2023-01-01 06:20:00,LXR,0 days 01:00:00,0,B738,162,507,55,0,CAI -> LXR,CAI_LXR,2023-01-01 07:20:00,[56],0,0 days 00:00:00,0 days 00:00:00,,
56,57,MS,CAI,2023-01-01 06:30:00,LXR,0 days 01:00:00,0,B738,162,507,55,0,CAI -> LXR,CAI_LXR,2023-01-01 07:30:00,[57],0,0 days 00:00:00,0 days 00:00:00,,
57,58,MS,CAI,2023-01-01 18:00:00,LXR,0 days 01:00:00,0,B738,162,507,55,0,CAI -> LXR,CAI_LXR,2023-01-01 19:00:00,[58],0,0 days 00:00:00,0 days 00:00:00,,
58,59,MS,CAI,2023-01-01 19:05:00,LXR,0 days 01:00:00,0,B738,162,507,55,0,CAI -> LXR,CAI_LXR,2023-01-01 20:05:00,[59],0,0 days 00:00:00,0 days 00:00:00,,
59,60,MS,CAI,2023-01-01 21:45:00,LXR,0 days 01:00:00,0,B738,162,507,55,0,CAI -> LXR,CAI_LXR,2023-01-01 22:45:00,[60],0,0 days 00:00:00,0 days 00:00:00,,
60,61,MS,CAI,2023-01-01 22:00:00,LXR,0 days 01:00:00,0,B738,162,507,55,0,CAI -> LXR,CAI_LXR,2023-01-01 23:00:00,[61],0,0 days 00:00:00,0 days 00:00:00,,
87,88,NE,CAI,2023-01-01 02:10:00,LXR,0 days 01:10:00,0,A320,150,507,55,0,CAI -> LXR,CAI_LXR,2023-01-01 03:20:00,[88],0,0 days 00:00:00,0 days 00:00:00,,
93,94,NP,CAI,2023-01-01 10:50:00,LXR,0 days 01:10:00,0,A320,150,507,55,0,CAI -> LXR,CAI_LXR,2023-01-01 12:00:00,[94],0,0 days 00:00:00,0 days 00:00:00,,
131,132,SM,CAI,2023-01-01 05:00:00,LXR,0 days 01:35:00,1,ATR,70,507,55,0,CAI -> LXR,CAI_LXR,2023-01-01 06:35:00,[132],0,0 days 00:00:00,0 days 00:00:00,,
132,133,SM,CAI,2023-01-01 05:20:00,LXR,0 days 01:35:00,1,ATR,70,507,55,0,CAI -> LXR,CAI_LXR,2023-01-01 06:55:00,[133],0,0 days 00:00:00,0 days 00:00:00,,
133,134,SM,CAI,2023-01-01 05:30:00,LXR,0 days 01:00:00,0,A320,150,507,55,0,CAI -> LXR,CAI_LXR,2023-01-01 06:30:00,[134],0,0 days 00:00:00,0 days 00:00:00,,
134,135,SM,CAI,2023-01-01 06:05:00,LXR,0 days 01:00:00,0,A320,150,507,55,0,CAI -> LXR,CAI_LXR,2023-01-01 07:05:00,[135],0,0 days 00:00:00,0 days 00:00:00,,
135,136,SM,CAI,2023-01-01 09:30:00,LXR,0 days 01:35:00,1,ATR,70,507,55,0,CAI -> LXR,CAI_LXR,2023-01-01 11:05:00,[136],0,0 days 00:00:00,0 days 00:00:00,,
136,137,SM,CAI,2023-01-01 09:30:00,LXR,0 days 01:00:00,0,E90,106,507,55,1,CAI -> LXR,CAI_LXR,2023-01-01 10:30:00,[137],0,0 days 00:00:00,0 days 00:00:00,,
137,138,SM,CAI,2023-01-01 09:50:00,LXR,0 days 01:35:00,1,ATR,70,507,55,0,CAI -> LXR,CAI_LXR,2023-01-01 11:25:00,[138],0,0 days 00:00:00,0 days 00:00:00,,
138,139,SM,CAI,2023-01-01 10:00:00,LXR,0 days 01:00:00,0,E90,106,507,55,1,CAI -> LXR,CAI_LXR,2023-01-01 11:00:00,[139],0,0 days 00:00:00,0 days 00:00:00,,
139,140,SM,CAI,2023-01-01 13:15:00,LXR,0 days 01:00:00,0,E90,106,507,55,1,CAI -> LXR,CAI_LXR,2023-01-01 14:15:00,[140],0,0 days 00:00:00,0 days 00:00:00,,
140,141,SM,CAI,2023-01-01 14:00:00,LXR,0 days 01:35:00,1,ATR,70,507,55,0,CAI -> LXR,CAI_LXR,2023-01-01 15:35:00,[141],0,0 days 00:00:00,0 days 00:00:00,,
141,142,SM,CAI,2023-01-01 14:00:00,LXR,0 days 01:00:00,0,E90,106,507,55,1,CAI -> LXR,CAI_LXR,2023-01-01 15:00:00,[142],0,0 days 00:00:00,0 days 00:00:00,,
142,143,SM,CAI,2023-01-01 14:20:00,LXR,0 days 01:35:00,1,ATR,70,507,55,0,CAI -> LXR,CAI_LXR,2023-01-01 15:55:00,[143],0,0 days 00:00:00,0 days 00:00:00,,
143,144,SM,CAI,2023-01-01 18:30:00,LXR,0 days 01:35:00,1,ATR,70,507,55,0,CAI -> LXR,CAI_LXR,2023-01-01 20:05:00,[144],0,0 days 00:00:00,0 days 00:00:00,,
144,145,SM,CAI,2023-01-01 18:50:00,LXR,0 days 01:35:00,1,ATR,70,507,55,0,CAI -> LXR,CAI_LXR,2023-01-01 20:25:00,[145],0,0 days 00:00:00,0 days 00:00:00,,
61,62,MS,CAI,2023-01-01 11:30:00,RMF,0 days 01:20:00,0,B738,162,596,55,0,CAI -> RMF,CAI_RMF,2023-01-01 12:50:00,[62],0,0 days 00:00:00,0 days 00:00:00,,
145,146,SM,CAI,2023-01-01 12:20:00,SPX,0 days 04:40:00,1,ATR,70,791,55,0,CAI -> SSH -> SPX,CAI_SPX,2023-01-01 17:00:00,"[146, 181]",2,0 days 02:10:00,0 days 00:00:00,SSH,
0,1,FT,CAI,2023-01-01 13:00:00,SSH,0 days 01:00:00,0,B738,162,376,100,0,CAI -> SSH,CAI_SSH,2023-01-01 14:00:00,[1],0,0 days 00:00:00,0 days 00:00:00,,
62,63,MS,CAI,2023-01-01 09:30:00,SSH,0 days 01:00:00,0,B738,162,376,55,0,CAI -> SSH,CAI_SSH,2023-01-01 10:30:00,[63],0,0 days 00:00:00,0 days 00:00:00,,
63,64,MS,CAI,2023-01-01 13:40:00,SSH,0 days 01:00:00,0,B738,162,376,55,0,CAI -> SSH,CAI_SSH,2023-01-01 14:40:00,[64],0,0 days 00:00:00,0 days 00:00:00,,
64,65,MS,CAI,2023-01-01 19:50:00,SSH,0 days 01:00:00,0,B738,162,376,55,0,CAI -> SSH,CAI_SSH,2023-01-01 20:50:00,[65],0,0 days 00:00:00,0 days 00:00:00,,
65,66,MS,CAI,2023-01-01 22:35:00,SSH,0 days 01:00:00,0,B738,162,376,55,0,CAI -> SSH,CAI_SSH,2023-01-01 23:35:00,[66],0,0 days 00:00:00,0 days 00:00:00,,
94,95,NP,CAI,2023-01-01 16:45:00,SSH,0 days 01:00:00,0,A320,150,376,55,0,CAI -> SSH,CAI_SSH,2023-01-01 17:45:00,[95],0,0 days 00:00:00,0 days 00:00:00,,
145,146,SM,CAI,2023-01-01 12:20:00,SSH,0 days 01:30:00,1,ATR,70,376,55,0,CAI -> SSH,CAI_SSH,2023-01-01 13:50:00,[146],0,0 days 00:00:00,0 days 00:00:00,,
146,147,SM,CAI,2023-01-01 16:40:00,SSH,0 days 01:30:00,1,ATR,70,376,55,0,CAI -> SSH,CAI_SSH,2023-01-01 18:10:00,[147],0,0 days 00:00:00,0 days 00:00:00,,
147,148,SM,CAI,2023-01-01 19:10:00,SSH,0 days 01:00:00,0,A320,150,376,55,0,CAI -> SSH,CAI_SSH,2023-01-01 20:10:00,[148],0,0 days 00:00:00,0 days 00:00:00,,
148,149,SM,CAI,2023-01-01 08:00:00,SSH,0 days 01:30:00,1,ATR,70,376,55,0,CAI -> SSH,CAI_SSH,2023-01-01 09:30:00,[149],0,0 days 00:00:00,0 days 00:00:00,,
149,150,SM,HBE,2023-01-01 13:15:00,HMB,0 days 01:15:00,0,A320,150,545,55,0,HBE -> HMB,HBE_HMB,2023-01-01 14:30:00,[150],0,0 days 00:00:00,0 days 00:00:00,,
66,67,MS,HMB,2023-01-01 18:40:00,ASW,0 days 04:50:00,0,B738,150,1125,55,0,HMB -> ATZ -> CAI -> ASW,HMB_ASW,2023-01-01 23:30:00,"[67, 30, 48]",3,0 days 00:40:00,0 days 01:10:00,ATZ,CAI
150,151,SM,HMB,2023-01-01 05:30:00,ASW,0 days 05:25:00,0,A320,150,960,55,0,HMB -> CAI -> ASW,HMB_ASW,2023-01-01 10:55:00,"[151, 119]",1,0 days 03:00:00,0 days 00:00:00,CAI,
150,151,SM,HMB,2023-01-01 05:30:00,ASW,0 days 05:25:00,0,A320,150,960,55,0,HMB -> CAI -> ASW,HMB_ASW,2023-01-01 10:55:00,"[151, 120]",1,0 days 03:00:00,0 days 00:00:00,CAI,
66,67,MS,HMB,2023-01-01 18:40:00,ATZ,0 days 00:40:00,0,B738,162,107,55,0,HMB -> ATZ,HMB_ATZ,2023-01-01 19:20:00,[67],0,0 days 00:00:00,0 days 00:00:00,,
67,68,MS,HMB,2023-01-01 21:45:00,CAI,0 days 01:00:00,0,B738,162,261,55,0,HMB -> CAI,HMB_CAI,2023-01-01 22:45:00,[68],0,0 days 00:00:00,0 days 00:00:00,,
66,67,MS,HMB,2023-01-01 18:40:00,CAI,0 days 02:15:00,0,B738,150,426,55,0,HMB -> ATZ -> CAI,HMB_CAI,2023-01-01 20:55:00,"[67, 30]",2,0 days 00:40:00,0 days 00:00:00,ATZ,
150,151,SM,HMB,2023-01-01 05:30:00,CAI,0 days 01:00:00,0,A320,150,261,55,0,HMB -> CAI,HMB_CAI,2023-01-01 06:30:00,[151],0,0 days 00:00:00,0 days 00:00:00,,
66,67,MS,HMB,2023-01-01 18:40:00,HRG,0 days 04:50:00,0,B738,150,828,55,0,HMB -> ATZ -> CAI -> HRG,HMB_HRG,2023-01-01 23:30:00,"[67, 30, 54]",3,0 days 00:40:00,0 days 01:35:00,ATZ,CAI
150,151,SM,HMB,2023-01-01 05:30:00,HRG,0 days 05:15:00,0,A320,150,663,55,0,HMB -> CAI -> HRG,HMB_HRG,2023-01-01 10:45:00,"[151, 130]",1,0 days 02:55:00,0 days 00:00:00,CAI,
150,151,SM,HMB,2023-01-01 05:30:00,HRG,0 days 04:55:00,1,A320,70,743,55,0,HMB -> CAI -> SSH -> HRG,HMB_HRG,2023-01-01 10:25:00,"[151, 149, 179]",3,0 days 01:30:00,0 days 00:25:00,CAI,SSH
66,67,MS,HMB,2023-01-01 18:40:00,LXR,0 days 04:05:00,0,B738,150,933,55,0,HMB -> ATZ -> CAI -> LXR,HMB_LXR,2023-01-01 22:45:00,"[67, 30, 60]",3,0 days 00:40:00,0 days 00:50:00,ATZ,CAI
66,67,MS,HMB,2023-01-01 18:40:00,LXR,0 days 04:20:00,0,B738,150,933,55,0,HMB -> ATZ -> CAI -> LXR,HMB_LXR,2023-01-01 23:00:00,"[67, 30, 61]",3,0 days 00:40:00,0 days 01:05:00,ATZ,CAI
150,151,SM,HMB,2023-01-01 05:30:00,LXR,0 days 05:35:00,1,A320,70,768,55,0,HMB -> CAI -> LXR,HMB_LXR,2023-01-01 11:05:00,"[151, 136]",2,0 days 03:00:00,0 days 00:00:00,CAI,
150,151,SM,HMB,2023-01-01 05:30:00,LXR,0 days 05:00:00,0,A320,106,768,55,1,HMB -> CAI -> LXR,HMB_LXR,2023-01-01 10:30:00,"[151, 137]",2,0 days 03:00:00,0 days 00:00:00,CAI,
150,151,SM,HMB,2023-01-01 05:30:00,LXR,0 days 05:55:00,1,A320,70,768,55,0,HMB -> CAI -> LXR,HMB_LXR,2023-01-01 11:25:00,"[151, 138]",2,0 days 03:20:00,0 days 00:00:00,CAI,
150,151,SM,HMB,2023-01-01 05:30:00,LXR,0 days 05:30:00,0,A320,106,768,55,1,HMB -> CAI -> LXR,HMB_LXR,2023-01-01 11:00:00,"[151, 139]",2,0 days 03:30:00,0 days 00:00:00,CAI,
66,67,MS,HMB,2023-01-01 18:40:00,SSH,0 days 04:55:00,0,B738,150,802,55,0,HMB -> ATZ -> CAI -> SSH,HMB_SSH,2023-01-01 23:35:00,"[67, 30, 66]",3,0 days 00:40:00,0 days 01:40:00,ATZ,CAI
150,151,SM,HMB,2023-01-01 05:30:00,SSH,0 days 04:00:00,1,A320,70,637,55,0,HMB -> CAI -> SSH,HMB_SSH,2023-01-01 09:30:00,"[151, 149]",2,0 days 01:30:00,0 days 00:00:00,CAI,
68,69,MS,HRG,2023-01-01 10:40:00,ASW,0 days 04:30:00,0,B738,162,1101,55,0,HRG -> CAI -> ASW,HRG_ASW,2023-01-01 15:10:00,"[69, 41]",1,0 days 02:05:00,0 days 00:00:00,CAI,
68,69,MS,HRG,2023-01-01 10:40:00,ASW,0 days 04:40:00,0,B738,162,1101,55,0,HRG -> CAI -> ASW,HRG_ASW,2023-01-01 15:20:00,"[69, 42]",1,0 days 02:15:00,0 days 00:00:00,CAI,
69,70,MS,HRG,2023-01-01 11:40:00,ASW,0 days 03:30:00,0,B738,162,1101,55,0,HRG -> CAI -> ASW,HRG_ASW,2023-01-01 15:10:00,"[70, 41]",1,0 days 01:05:00,0 days 00:00:00,CAI,
69,70,MS,HRG,2023-01-01 11:40:00,ASW,0 days 03:40:00,0,B738,162,1101,55,0,HRG -> CAI -> ASW,HRG_ASW,2023-01-01 15:20:00,"[70, 42]",1,0 days 01:15:00,0 days 00:00:00,CAI,
70,71,MS,HRG,2023-01-01 15:10:00,ASW,0 days 05:00:00,0,B738,162,1101,55,0,HRG -> CAI -> ASW,HRG_ASW,2023-01-01 20:10:00,"[71, 43]",1,0 days 02:35:00,0 days 00:00:00,CAI,
70,71,MS,HRG,2023-01-01 15:10:00,ASW,0 days 06:05:00,0,B738,162,1101,55,0,HRG -> CAI -> ASW,HRG_ASW,2023-01-01 21:15:00,"[71, 44]",1,0 days 03:40:00,0 days 00:00:00,CAI,
70,71,MS,HRG,2023-01-01 15:10:00,ASW,0 days 06:15:00,0,B738,162,1101,55,0,HRG -> CAI -> ASW,HRG_ASW,2023-01-01 21:25:00,"[71, 45]",1,0 days 03:50:00,0 days 00:00:00,CAI,
70,71,MS,HRG,2023-01-01 15:10:00,ASW,0 days 06:20:00,0,B738,162,1101,55,0,HRG -> CAI -> ASW,HRG_ASW,2023-01-01 21:30:00,"[71, 46]",1,0 days 03:55:00,0 days 00:00:00,CAI,
71,72,MS,HRG,2023-01-01 20:40:00,ASW,0 days 02:50:00,0,B738,162,1101,55,0,HRG -> CAI -> ASW,HRG_ASW,2023-01-01 23:30:00,"[72, 48]",1,0 days 00:25:00,0 days 00:00:00,CAI,
72,73,MS,HRG,2023-01-01 05:15:00,ASW,0 days 03:20:00,0,B738,162,1101,55,0,HRG -> CAI -> ASW,HRG_ASW,2023-01-01 08:35:00,"[73, 40]",1,0 days 00:55:00,0 days 00:00:00,CAI,
151,152,SM,HRG,2023-01-01 11:00:00,ASW,0 days 04:55:00,0,E90,106,1101,55,1,HRG -> CAI -> ASW,HRG_ASW,2023-01-01 15:55:00,"[152, 123]",2,0 days 02:30:00,0 days 00:00:00,CAI,
154,155,SM,HRG,2023-01-01 01:00:00,ASW,0 days 05:30:00,1,A320,70,1181,55,0,HRG -> SSH -> CAI -> ASW,HRG_ASW,2023-01-01 06:30:00,"[155, 178, 114]",3,0 days 01:30:00,0 days 00:30:00,SSH,CAI
154,155,SM,HRG,2023-01-01 01:00:00,ASW,0 days 06:00:00,1,A320,70,1181,55,0,HRG -> SSH -> CAI -> ASW,HRG_ASW,2023-01-01 07:00:00,"[155, 178, 115]",3,0 days 01:30:00,0 days 01:00:00,SSH,CAI
154,155,SM,HRG,2023-01-01 01:00:00,ASW,0 days 05:25:00,0,A320,150,1181,55,0,HRG -> SSH -> CAI -> ASW,HRG_ASW,2023-01-01 06:25:00,"[155, 178, 116]",3,0 days 01:30:00,0 days 01:00:00,SSH,CAI
154,155,SM,HRG,2023-01-01 01:00:00,ASW,0 days 05:25:00,0,A320,150,1181,55,0,HRG -> SSH -> CAI -> ASW,HRG_ASW,2023-01-01 06:25:00,"[155, 178, 117]",3,0 days 01:30:00,0 days 01:00:00,SSH,CAI
154,155,SM,HRG,2023-01-01 01:00:00,ASW,0 days 06:25:00,0,A320,106,1181,55,1,HRG -> SSH -> CAI -> ASW,HRG_ASW,2023-01-01 07:25:00,"[155, 178, 118]",3,0 days 01:30:00,0 days 02:00:00,SSH,CAI
70,71,MS,HRG,2023-01-01 15:10:00,ATZ,0 days 04:10:00,0,B738,162,770,55,0,HRG -> CAI -> HMB -> ATZ,HRG_ATZ,2023-01-01 19:20:00,"[71, 50, 67]",3,0 days 00:50:00,0 days 00:40:00,CAI,HMB
72,73,MS,HRG,2023-01-01 05:15:00,ATZ,0 days 02:30:00,0,B738,150,721,55,0,HRG -> CAI -> ATZ,HRG_ATZ,2023-01-01 07:45:00,"[73, 49]",2,0 days 00:30:00,0 days 00:00:00,CAI,
68,69,MS,HRG,2023-01-01 10:40:00,CAI,0 days 01:00:00,0,B738,162,402,55,0,HRG -> CAI,HRG_CAI,2023-01-01 11:40:00,[69],0,0 days 00:00:00,0 days 00:00:00,,
69,70,MS,HRG,2023-01-01 11:40:00,CAI,0 days 01:00:00,0,B738,162,402,55,0,HRG -> CAI,HRG_CAI,2023-01-01 12:40:00,[70],0,0 days 00:00:00,0 days 00:00:00,,
70,71,MS,HRG,2023-01-01 15:10:00,CAI,0 days 01:00:00,0,B738,162,402,55,0,HRG -> CAI,HRG_CAI,2023-01-01 16:10:00,[71],0,0 days 00:00:00,0 days 00:00:00,,
71,72,MS,HRG,2023-01-01 20:40:00,CAI,0 days 01:00:00,0,B738,162,402,55,0,HRG -> CAI,HRG_CAI,2023-01-01 21:40:00,[72],0,0 days 00:00:00,0 days 00:00:00,,
72,73,MS,HRG,2023-01-01 05:15:00,CAI,0 days 01:00:00,0,B738,162,402,55,0,HRG -> CAI,HRG_CAI,2023-01-01 06:15:00,[73],0,0 days 00:00:00,0 days 00:00:00,,
88,89,NE,HRG,2023-01-01 01:30:00,CAI,0 days 01:00:00,0,A320,150,402,55,0,HRG -> CAI,HRG_CAI,2023-01-01 02:30:00,[89],0,0 days 00:00:00,0 days 00:00:00,,
151,152,SM,HRG,2023-01-01 11:00:00,CAI,0 days 01:00:00,0,E90,106,402,55,1,HRG -> CAI,HRG_CAI,2023-01-01 12:00:00,[152],0,0 days 00:00:00,0 days 00:00:00,,
154,155,SM,HRG,2023-01-01 01:00:00,CAI,0 days 03:00:00,0,A320,150,482,55,0,HRG -> SSH -> CAI,HRG_CAI,2023-01-01 04:00:00,"[155, 178]",1,0 days 01:30:00,0 days 00:00:00,SSH,
70,71,MS,HRG,2023-01-01 15:10:00,HMB,0 days 02:50:00,0,B738,162,663,55,0,HRG -> CAI -> HMB,HRG_HMB,2023-01-01 18:00:00,"[71, 50]",1,0 days 00:50:00,0 days 00:00:00,CAI,
72,73,MS,HRG,2023-01-01 05:15:00,HMB,0 days 03:50:00,0,B738,150,828,55,0,HRG -> CAI -> ATZ -> HMB,HRG_HMB,2023-01-01 09:05:00,"[73, 49, 31]",3,0 days 00:30:00,0 days 00:40:00,CAI,ATZ
152,153,SM,HRG,2023-01-01 10:20:00,HMB,0 days 07:40:00,1,A320,70,968,55,0,HRG -> LXR -> CAI -> HMB,HRG_HMB,2023-01-01 18:00:00,"[153, 160, 128]",3,0 days 00:40:00,0 days 03:40:00,LXR,CAI
152,153,SM,HRG,2023-01-01 10:20:00,HMB,0 days 07:40:00,1,A320,70,968,55,0,HRG -> LXR -> CAI -> HMB,HRG_HMB,2023-01-01 18:00:00,"[153, 162, 128]",3,0 days 01:00:00,0 days 03:20:00,LXR,CAI
70,71,MS,HRG,2023-01-01 15:10:00,LXR,0 days 03:50:00,0,B738,162,909,55,0,HRG -> CAI -> LXR,HRG_LXR,2023-01-01 19:00:00,"[71, 58]",1,0 days 01:50:00,0 days 00:00:00,CAI,
70,71,MS,HRG,2023-01-01 15:10:00,LXR,0 days 04:55:00,0,B738,162,909,55,0,HRG -> CAI -> LXR,HRG_LXR,2023-01-01 20:05:00,"[71, 59]",1,0 days 02:55:00,0 days 00:00:00,CAI,
152,153,SM,HRG,2023-01-01 10:20:00,LXR,0 days 00:40:00,0,A320,150,200,55,0,HRG -> LXR,HRG_LXR,2023-01-01 11:00:00,[153],0,0 days 00:00:00,0 days 00:00:00,,
153,154,SM,HRG,2023-01-01 16:00:00,SPX,0 days 01:00:00,0,A320,150,430,55,0,HRG -> SPX,HRG_SPX,2023-01-01 17:00:00,[154],0,0 days 00:00:00,0 days 00:00:00,,
68,69,MS,HRG,2023-01-01 10:40:00,SSH,0 days 04:00:00,0,B738,162,778,55,0,HRG -> CAI -> SSH,HRG_SSH,2023-01-01 14:40:00,"[69, 64]",1,0 days 02:00:00,0 days 00:00:00,CAI,
69,70,MS,HRG,2023-01-01 11:40:00,SSH,0 days 03:00:00,0,B738,162,778,55,0,HRG -> CAI -> SSH,HRG_SSH,2023-01-01 14:40:00,"[70, 64]",1,0 days 01:00:00,0 days 00:00:00,CAI,
70,71,MS,HRG,2023-01-01 15:10:00,SSH,0 days 05:40:00,0,B738,162,778,55,0,HRG -> CAI -> SSH,HRG_SSH,2023-01-01 20:50:00,"[71, 65]",1,0 days 03:40:00,0 days 00:00:00,CAI,
71,72,MS,HRG,2023-01-01 20:40:00,SSH,0 days 02:55:00,0,B738,162,778,55,0,HRG -> CAI -> SSH,HRG_SSH,2023-01-01 23:35:00,"[72, 66]",1,0 days 00:55:00,0 days 00:00:00,CAI,
72,73,MS,HRG,2023-01-01 05:15:00,SSH,0 days 05:15:00,0,B738,162,778,55,0,HRG -> CAI -> SSH,HRG_SSH,2023-01-01 10:30:00,"[73, 63]",1,0 days 03:15:00,0 days 00:00:00,CAI,
154,155,SM,HRG,2023-01-01 01:00:00,SSH,0 days 00:30:00,0,A320,150,106,55,0,HRG -> SSH,HRG_SSH,2023-01-01 01:30:00,[155],0,0 days 00:00:00,0 days 00:00:00,,
77,78,MS,LXR,2023-01-01 15:25:00,ATZ,0 days 03:55:00,0,B738,162,875,55,0,LXR -> CAI -> HMB -> ATZ,LXR_ATZ,2023-01-01 19:20:00,"[78, 50, 67]",3,0 days 00:25:00,0 days 00:40:00,CAI,HMB
73,74,MS,LXR,2023-01-01 06:50:00,CAI,0 days 01:10:00,0,B738,162,507,55,0,LXR -> CAI,LXR_CAI,2023-01-01 08:00:00,[74],0,0 days 00:00:00,0 days 00:00:00,,
74,75,MS,LXR,2023-01-01 08:40:00,CAI,0 days 01:10:00,0,B738,162,507,55,0,LXR -> CAI,LXR_CAI,2023-01-01 09:50:00,[75],0,0 days 00:00:00,0 days 00:00:00,,
75,76,MS,LXR,2023-01-01 09:10:00,CAI,0 days 01:10:00,0,B738,162,507,55,0,LXR -> CAI,LXR_CAI,2023-01-01 10:20:00,[76],0,0 days 00:00:00,0 days 00:00:00,,
76,77,MS,LXR,2023-01-01 10:00:00,CAI,0 days 01:10:00,0,B738,162,507,55,0,LXR -> CAI,LXR_CAI,2023-01-01 11:10:00,[77],0,0 days 00:00:00,0 days 00:00:00,,
77,78,MS,LXR,2023-01-01 15:25:00,CAI,0 days 01:10:00,0,B738,162,507,55,0,LXR -> CAI,LXR_CAI,2023-01-01 16:35:00,[78],0,0 days 00:00:00,0 days 00:00:00,,
78,79,MS,LXR,2023-01-01 17:40:00,CAI,0 days 01:10:00,0,B738,162,507,55,0,LXR -> CAI,LXR_CAI,2023-01-01 18:50:00,[79],0,0 days 00:00:00,0 days 00:00:00,,
79,80,MS,LXR,2023-01-01 19:40:00,CAI,0 days 01:10:00,0,B738,162,507,55,0,LXR -> CAI,LXR_CAI,2023-01-01 20:50:00,[80],0,0 days 00:00:00,0 days 00:00:00,,
80,81,MS,LXR,2023-01-01 22:35:00,CAI,0 days 01:10:00,0,B738,162,507,55,0,LXR -> CAI,LXR_CAI,2023-01-01 23:45:00,[81],0,0 days 00:00:00,0 days 00:00:00,,
95,96,NP,LXR,2023-01-01 08:40:00,CAI,0 days 01:10:00,0,A320,150,507,55,0,LXR -> CAI,LXR_CAI,2023-01-01 09:50:00,[96],0,0 days 00:00:00,0 days 00:00:00,,
96,97,NP,LXR,2023-01-01 08:40:00,CAI,0 days 01:10:00,0,A320,150,507,55,0,LXR -> CAI,LXR_CAI,2023-01-01 09:50:00,[97],0,0 days 00:00:00,0 days 00:00:00,,
155,156,SM,LXR,2023-01-01 07:10:00,CAI,0 days 01:40:00,1,ATR,70,507,55,0,LXR -> CAI,LXR_CAI,2023-01-01 08:50:00,[156],0,0 days 00:00:00,0 days 00:00:00,,
156,157,SM,LXR,2023-01-01 07:30:00,CAI,0 days 01:40:00,1,ATR,70,507,55,0,LXR -> CAI,LXR_CAI,2023-01-01 09:10:00,[157],0,0 days 00:00:00,0 days 00:00:00,,
157,158,SM,LXR,2023-01-01 07:30:00,CAI,0 days 01:00:00,0,A320,150,507,55,0,LXR -> CAI,LXR_CAI,2023-01-01 08:30:00,[158],0,0 days 00:00:00,0 days 00:00:00,,
158,159,SM,LXR,2023-01-01 11:15:00,CAI,0 days 01:00:00,0,E90,106,507,55,1,LXR -> CAI,LXR_CAI,2023-01-01 12:15:00,[159],0,0 days 00:00:00,0 days 00:00:00,,
159,160,SM,LXR,2023-01-01 11:40:00,CAI,0 days 01:40:00,1,ATR,70,507,55,0,LXR -> CAI,LXR_CAI,2023-01-01 13:20:00,[160],0,0 days 00:00:00,0 days 00:00:00,,
160,161,SM,LXR,2023-01-01 11:45:00,CAI,0 days 01:00:00,0,E90,106,507,55,1,LXR -> CAI,LXR_CAI,2023-01-01 12:45:00,[161],0,0 days 00:00:00,0 days 00:00:00,,
161,162,SM,LXR,2023-01-01 12:00:00,CAI,0 days 01:40:00,1,ATR,70,507,55,0,LXR -> CAI,LXR_CAI,2023-01-01 13:40:00,[162],0,0 days 00:00:00,0 days 00:00:00,,
162,163,SM,LXR,2023-01-01 15:00:00,CAI,0 days 01:00:00,0,E90,106,507,55,1,LXR -> CAI,LXR_CAI,2023-01-01 16:00:00,[163],0,0 days 00:00:00,0 days 00:00:00,,
163,164,SM,LXR,2023-01-01 15:45:00,CAI,0 days 01:00:00,0,E90,106,507,55,1,LXR -> CAI,LXR_CAI,2023-01-01 16:45:00,[164],0,0 days 00:00:00,0 days 00:00:00,,
164,165,SM,LXR,2023-01-01 16:10:00,CAI,0 days 01:40:00,1,ATR,70,507,55,0,LXR -> CAI,LXR_CAI,2023-01-01 17:50:00,[165],0,0 days 00:00:00,0 days 00:00:00,,
165,166,SM,LXR,2023-01-01 16:30:00,CAI,0 days 01:40:00,1,ATR,70,507,55,0,LXR -> CAI,LXR_CAI,2023-01-01 18:10:00,[166],0,0 days 00:00:00,0 days 00:00:00,,
166,167,SM,LXR,2023-01-01 20:40:00,CAI,0 days 01:40:00,1,ATR,70,507,55,0,LXR -> CAI,LXR_CAI,2023-01-01 22:20:00,[167],0,0 days 00:00:00,0 days 00:00:00,,
167,168,SM,LXR,2023-01-01 21:00:00,CAI,0 days 01:40:00,1,ATR,70,507,55,0,LXR -> CAI,LXR_CAI,2023-01-01 22:40:00,[168],0,0 days 00:00:00,0 days 00:00:00,,
168,169,SM,LXR,2023-01-01 21:30:00,CAI,0 days 01:00:00,0,A320,150,507,55,0,LXR -> CAI,LXR_CAI,2023-01-01 22:30:00,[169],0,0 days 00:00:00,0 days 00:00:00,,
170,171,SM,LXR,2023-01-01 19:15:00,CAI,0 days 03:25:00,1,ATR,70,682,55,0,LXR -> SSH -> CAI,LXR_CAI,2023-01-01 22:40:00,"[171, 177]",1,0 days 00:40:00,0 days 00:00:00,SSH,
77,78,MS,LXR,2023-01-01 15:25:00,HMB,0 days 02:35:00,0,B738,162,768,55,0,LXR -> CAI -> HMB,LXR_HMB,2023-01-01 18:00:00,"[78, 50]",1,0 days 00:25:00,0 days 00:00:00,CAI,
159,160,SM,LXR,2023-01-01 11:40:00,HMB,0 days 06:20:00,1,ATR,70,768,55,0,LXR -> CAI -> HMB,LXR_HMB,2023-01-01 18:00:00,"[160, 128]",2,0 days 03:40:00,0 days 00:00:00,CAI,
161,162,SM,LXR,2023-01-01 12:00:00,HMB,0 days 06:00:00,1,ATR,70,768,55,0,LXR -> CAI -> HMB,LXR_HMB,2023-01-01 18:00:00,"[162, 128]",2,0 days 03:20:00,0 days 00:00:00,CAI,
162,163,SM,LXR,2023-01-01 15:00:00,HMB,0 days 03:00:00,0,E90,106,768,55,1,LXR -> CAI -> HMB,LXR_HMB,2023-01-01 18:00:00,"[163, 128]",2,0 days 01:00:00,0 days 00:00:00,CAI,
73,74,MS,LXR,2023-01-01 06:50:00,HRG,0 days 04:10:00,0,B738,162,909,55,0,LXR -> CAI -> HRG,LXR_HRG,2023-01-01 11:00:00,"[74, 51]",1,0 days 02:00:00,0 days 00:00:00,CAI,
73,74,MS,LXR,2023-01-01 06:50:00,HRG,0 days 03:10:00,0,B738,162,909,55,0,LXR -> CAI -> HRG,LXR_HRG,2023-01-01 10:00:00,"[74, 55]",1,0 days 01:00:00,0 days 00:00:00,CAI,
74,75,MS,LXR,2023-01-01 08:40:00,HRG,0 days 05:50:00,0,B738,162,909,55,0,LXR -> CAI -> HRG,LXR_HRG,2023-01-01 14:30:00,"[75, 52]",1,0 days 03:40:00,0 days 00:00:00,CAI,
75,76,MS,LXR,2023-01-01 09:10:00,HRG,0 days 05:20:00,0,B738,162,909,55,0,LXR -> CAI -> HRG,LXR_HRG,2023-01-01 14:30:00,"[76, 52]",1,0 days 03:10:00,0 days 00:00:00,CAI,
76,77,MS,LXR,2023-01-01 10:00:00,HRG,0 days 04:30:00,0,B738,162,909,55,0,LXR -> CAI -> HRG,LXR_HRG,2023-01-01 14:30:00,"[77, 52]",1,0 days 02:20:00,0 days 00:00:00,CAI,
77,78,MS,LXR,2023-01-01 15:25:00,HRG,0 days 04:35:00,0,B738,162,909,55,0,LXR -> CAI -> HRG,LXR_HRG,2023-01-01 20:00:00,"[78, 53]",1,0 days 02:25:00,0 days 00:00:00,CAI,
78,79,MS,LXR,2023-01-01 17:40:00,HRG,0 days 05:50:00,0,B738,162,909,55,0,LXR -> CAI -> HRG,LXR_HRG,2023-01-01 23:30:00,"[79, 54]",1,0 days 03:40:00,0 days 00:00:00,CAI,
79,80,MS,LXR,2023-01-01 19:40:00,HRG,0 days 03:50:00,0,B738,162,909,55,0,LXR -> CAI -> HRG,LXR_HRG,2023-01-01 23:30:00,"[80, 54]",1,0 days 01:40:00,0 days 00:00:00,CAI,
169,170,SM,LXR,2023-01-01 20:45:00,HRG,0 days 00:45:00,0,A320,150,200,55,0,LXR -> HRG,LXR_HRG,2023-01-01 21:30:00,[170],0,0 days 00:00:00,0 days 00:00:00,,
73,74,MS,LXR,2023-01-01 06:50:00,RMF,0 days 06:00:00,0,B738,162,1103,55,0,LXR -> CAI -> RMF,LXR_RMF,2023-01-01 12:50:00,"[74, 62]",1,0 days 03:30:00,0 days 00:00:00,CAI,
74,75,MS,LXR,2023-01-01 08:40:00,RMF,0 days 04:10:00,0,B738,162,1103,55,0,LXR -> CAI -> RMF,LXR_RMF,2023-01-01 12:50:00,"[75, 62]",1,0 days 01:40:00,0 days 00:00:00,CAI,
75,76,MS,LXR,2023-01-01 09:10:00,RMF,0 days 03:40:00,0,B738,162,1103,55,0,LXR -> CAI -> RMF,LXR_RMF,2023-01-01 12:50:00,"[76, 62]",1,0 days 01:10:00,0 days 00:00:00,CAI,
73,74,MS,LXR,2023-01-01 06:50:00,SSH,0 days 03:40:00,0,B738,162,883,55,0,LXR -> CAI -> SSH,LXR_SSH,2023-01-01 10:30:00,"[74, 63]",1,0 days 01:30:00,0 days 00:00:00,CAI,
74,75,MS,LXR,2023-01-01 08:40:00,SSH,0 days 06:00:00,0,B738,162,883,55,0,LXR -> CAI -> SSH,LXR_SSH,2023-01-01 14:40:00,"[75, 64]",1,0 days 03:50:00,0 days 00:00:00,CAI,
75,76,MS,LXR,2023-01-01 09:10:00,SSH,0 days 05:30:00,0,B738,162,883,55,0,LXR -> CAI -> SSH,LXR_SSH,2023-01-01 14:40:00,"[76, 64]",1,0 days 03:20:00,0 days 00:00:00,CAI,
76,77,MS,LXR,2023-01-01 10:00:00,SSH,0 days 04:40:00,0,B738,162,883,55,0,LXR -> CAI -> SSH,LXR_SSH,2023-01-01 14:40:00,"[77, 64]",1,0 days 02:30:00,0 days 00:00:00,CAI,
77,78,MS,LXR,2023-01-01 15:25:00,SSH,0 days 05:25:00,0,B738,162,883,55,0,LXR -> CAI -> SSH,LXR_SSH,2023-01-01 20:50:00,"[78, 65]",1,0 days 03:15:00,0 days 00:00:00,CAI,
78,79,MS,LXR,2023-01-01 17:40:00,SSH,0 days 03:10:00,0,B738,162,883,55,0,LXR -> CAI -> SSH,LXR_SSH,2023-01-01 20:50:00,"[79, 65]",1,0 days 01:00:00,0 days 00:00:00,CAI,
78,79,MS,LXR,2023-01-01 17:40:00,SSH,0 days 05:55:00,0,B738,162,883,55,0,LXR -> CAI -> SSH,LXR_SSH,2023-01-01 23:35:00,"[79, 66]",1,0 days 03:45:00,0 days 00:00:00,CAI,
79,80,MS,LXR,2023-01-01 19:40:00,SSH,0 days 03:55:00,0,B738,162,883,55,0,LXR -> CAI -> SSH,LXR_SSH,2023-01-01 23:35:00,"[80, 66]",1,0 days 01:45:00,0 days 00:00:00,CAI,
170,171,SM,LXR,2023-01-01 19:15:00,SSH,0 days 01:15:00,1,ATR,70,306,55,0,LXR -> SSH,LXR_SSH,2023-01-01 20:30:00,[171],0,0 days 00:00:00,0 days 00:00:00,,
81,82,MS,RMF,2023-01-01 13:30:00,ATZ,0 days 05:50:00,0,B738,162,964,55,0,RMF -> CAI -> HMB -> ATZ,RMF_ATZ,2023-01-01 19:20:00,"[82, 50, 67]",3,0 days 02:15:00,0 days 00:40:00,CAI,HMB
81,82,MS,RMF,2023-01-01 13:30:00,CAI,0 days 01:15:00,0,B738,162,596,55,0,RMF -> CAI,RMF_CAI,2023-01-01 14:45:00,[82],0,0 days 00:00:00,0 days 00:00:00,,
81,82,MS,RMF,2023-01-01 13:30:00,HMB,0 days 04:30:00,0,B738,162,857,55,0,RMF -> CAI -> HMB,RMF_HMB,2023-01-01 18:00:00,"[82, 50]",1,0 days 02:15:00,0 days 00:00:00,CAI,
81,82,MS,RMF,2023-01-01 13:30:00,LXR,0 days 05:30:00,0,B738,162,1103,55,0,RMF -> CAI -> LXR,RMF_LXR,2023-01-01 19:00:00,"[82, 58]",1,0 days 03:15:00,0 days 00:00:00,CAI,
171,172,SM,SPX,2023-01-01 10:46:00,HRG,0 days 01:20:00,0,A320,150,430,55,0,SPX -> HRG,SPX_HRG,2023-01-01 12:06:00,[172],0,0 days 00:00:00,0 days 00:00:00,,
172,173,SM,SPX,2023-01-01 22:45:00,SSH,0 days 01:20:00,0,A320,150,415,55,0,SPX -> SSH,SPX_SSH,2023-01-02 00:05:00,[173],0,0 days 00:00:00,0 days 00:00:00,,
82,83,MS,SSH,2023-01-01 04:40:00,ASW,0 days 02:55:00,0,B738,162,1075,55,0,SSH -> CAI -> ASW,SSH_ASW,2023-01-01 07:35:00,"[83, 38]",1,0 days 00:30:00,0 days 00:00:00,CAI,
82,83,MS,SSH,2023-01-01 04:40:00,ASW,0 days 03:00:00,0,B738,162,1075,55,0,SSH -> CAI -> ASW,SSH_ASW,2023-01-01 07:40:00,"[83, 39]",1,0 days 00:35:00,0 days 00:00:00,CAI,
82,83,MS,SSH,2023-01-01 04:40:00,ASW,0 days 03:55:00,0,B738,162,1075,55,0,SSH -> CAI -> ASW,SSH_ASW,2023-01-01 08:35:00,"[83, 40]",1,0 days 01:30:00,0 days 00:00:00,CAI,
83,84,MS,SSH,2023-01-01 11:10:00,ASW,0 days 04:00:00,0,B738,162,1075,55,0,SSH -> CAI -> ASW,SSH_ASW,2023-01-01 15:10:00,"[84, 41]",1,0 days 01:35:00,0 days 00:00:00,CAI,
83,84,MS,SSH,2023-01-01 11:10:00,ASW,0 days 04:10:00,0,B738,162,1075,55,0,SSH -> CAI -> ASW,SSH_ASW,2023-01-01 15:20:00,"[84, 42]",1,0 days 01:45:00,0 days 00:00:00,CAI,
84,85,MS,SSH,2023-01-01 15:10:00,ASW,0 days 05:00:00,0,B738,162,1075,55,0,SSH -> CAI -> ASW,SSH_ASW,2023-01-01 20:10:00,"[85, 43]",1,0 days 02:35:00,0 days 00:00:00,CAI,
84,85,MS,SSH,2023-01-01 15:10:00,ASW,0 days 06:05:00,0,B738,162,1075,55,0,SSH -> CAI -> ASW,SSH_ASW,2023-01-01 21:15:00,"[85, 44]",1,0 days 03:40:00,0 days 00:00:00,CAI,
84,85,MS,SSH,2023-01-01 15:10:00,ASW,0 days 06:15:00,0,B738,162,1075,55,0,SSH -> CAI -> ASW,SSH_ASW,2023-01-01 21:25:00,"[85, 45]",1,0 days 03:50:00,0 days 00:00:00,CAI,
84,85,MS,SSH,2023-01-01 15:10:00,ASW,0 days 06:20:00,0,B738,162,1075,55,0,SSH -> CAI -> ASW,SSH_ASW,2023-01-01 21:30:00,"[85, 46]",1,0 days 03:55:00,0 days 00:00:00,CAI,
173,174,SM,SSH,2023-01-01 10:10:00,ASW,0 days 05:45:00,1,ATR,70,1075,55,0,SSH -> CAI -> ASW,SSH_ASW,2023-01-01 15:55:00,"[174, 123]",2,0 days 02:50:00,0 days 00:00:00,CAI,
174,175,SM,SSH,2023-01-01 14:30:00,ASW,0 days 04:35:00,0,ATR,70,1075,55,1,SSH -> CAI -> ASW,SSH_ASW,2023-01-01 19:05:00,"[175, 125]",2,0 days 01:40:00,0 days 00:00:00,CAI,
174,175,SM,SSH,2023-01-01 14:30:00,ASW,0 days 07:20:00,1,ATR,70,1075,55,0,SSH -> CAI -> ASW,SSH_ASW,2023-01-01 21:50:00,"[175, 126]",1,0 days 03:50:00,0 days 00:00:00,CAI,
177,178,SM,SSH,2023-01-01 03:00:00,ASW,0 days 03:30:00,1,A320,70,1075,55,0,SSH -> CAI -> ASW,SSH_ASW,2023-01-01 06:30:00,"[178, 114]",2,0 days 00:30:00,0 days 00:00:00,CAI,
177,178,SM,SSH,2023-01-01 03:00:00,ASW,0 days 04:00:00,1,A320,70,1075,55,0,SSH -> CAI -> ASW,SSH_ASW,2023-01-01 07:00:00,"[178, 115]",2,0 days 01:00:00,0 days 00:00:00,CAI,
177,178,SM,SSH,2023-01-01 03:00:00,ASW,0 days 03:25:00,0,A320,150,1075,55,0,SSH -> CAI -> ASW,SSH_ASW,2023-01-01 06:25:00,"[178, 116]",1,0 days 01:00:00,0 days 00:00:00,CAI,
177,178,SM,SSH,2023-01-01 03:00:00,ASW,0 days 03:25:00,0,A320,150,1075,55,0,SSH -> CAI -> ASW,SSH_ASW,2023-01-01 06:25:00,"[178, 117]",1,0 days 01:00:00,0 days 00:00:00,CAI,
177,178,SM,SSH,2023-01-01 03:00:00,ASW,0 days 04:25:00,0,A320,106,1075,55,1,SSH -> CAI -> ASW,SSH_ASW,2023-01-01 07:25:00,"[178, 118]",2,0 days 02:00:00,0 days 00:00:00,CAI,
82,83,MS,SSH,2023-01-01 04:40:00,ATZ,0 days 03:05:00,0,B738,150,695,55,0,SSH -> CAI -> ATZ,SSH_ATZ,2023-01-01 07:45:00,"[83, 49]",2,0 days 01:05:00,0 days 00:00:00,CAI,
84,85,MS,SSH,2023-01-01 15:10:00,ATZ,0 days 04:10:00,0,B738,162,744,55,0,SSH -> CAI -> HMB -> ATZ,SSH_ATZ,2023-01-01 19:20:00,"[85, 50, 67]",3,0 days 00:50:00,0 days 00:40:00,CAI,HMB
1,2,FT,SSH,2023-01-01 13:50:00,CAI,0 days 01:00:00,0,B738,162,376,50,0,SSH -> CAI,SSH_CAI,2023-01-01 14:50:00,[2],0,0 days 00:00:00,0 days 00:00:00,,
82,83,MS,SSH,2023-01-01 04:40:00,CAI,0 days 01:00:00,0,B738,162,376,55,0,SSH -> CAI,SSH_CAI,2023-01-01 05:40:00,[83],0,0 days 00:00:00,0 days 00:00:00,,
83,84,MS,SSH,2023-01-01 11:10:00,CAI,0 days 01:00:00,0,B738,162,376,55,0,SSH -> CAI,SSH_CAI,2023-01-01 12:10:00,[84],0,0 days 00:00:00,0 days 00:00:00,,
84,85,MS,SSH,2023-01-01 15:10:00,CAI,0 days 01:00:00,0,B738,162,376,55,0,SSH -> CAI,SSH_CAI,2023-01-01 16:10:00,[85],0,0 days 00:00:00,0 days 00:00:00,,
85,86,MS,SSH,2023-01-01 21:30:00,CAI,0 days 01:00:00,0,B738,162,376,55,0,SSH -> CAI,SSH_CAI,2023-01-01 22:30:00,[86],0,0 days 00:00:00,0 days 00:00:00,,
173,174,SM,SSH,2023-01-01 10:10:00,CAI,0 days 01:30:00,1,ATR,70,376,55,0,SSH -> CAI,SSH_CAI,2023-01-01 11:40:00,[174],0,0 days 00:00:00,0 days 00:00:00,,
174,175,SM,SSH,2023-01-01 14:30:00,CAI,0 days 01:30:00,1,ATR,70,376,55,0,SSH -> CAI,SSH_CAI,2023-01-01 16:00:00,[175],0,0 days 00:00:00,0 days 00:00:00,,
175,176,SM,SSH,2023-01-01 18:50:00,CAI,0 days 01:30:00,1,ATR,70,376,55,0,SSH -> CAI,SSH_CAI,2023-01-01 20:20:00,[176],0,0 days 00:00:00,0 days 00:00:00,,
176,177,SM,SSH,2023-01-01 21:10:00,CAI,0 days 01:30:00,1,ATR,70,376,55,0,SSH -> CAI,SSH_CAI,2023-01-01 22:40:00,[177],0,0 days 00:00:00,0 days 00:00:00,,
177,178,SM,SSH,2023-01-01 03:00:00,CAI,0 days 01:00:00,0,A320,150,376,55,0,SSH -> CAI,SSH_CAI,2023-01-01 04:00:00,[178],0,0 days 00:00:00,0 days 00:00:00,,
178,179,SM,SSH,2023-01-01 09:55:00,CAI,0 days 02:05:00,0,A320,106,508,55,1,SSH -> HRG -> CAI,SSH_CAI,2023-01-01 12:00:00,"[179, 152]",2,0 days 00:35:00,0 days 00:00:00,HRG,
82,83,MS,SSH,2023-01-01 04:40:00,HMB,0 days 04:25:00,0,B738,150,802,55,0,SSH -> CAI -> ATZ -> HMB,SSH_HMB,2023-01-01 09:05:00,"[83, 49, 31]",3,0 days 01:05:00,0 days 00:40:00,CAI,ATZ
84,85,MS,SSH,2023-01-01 15:10:00,HMB,0 days 02:50:00,0,B738,162,637,55,0,SSH -> CAI -> HMB,SSH_HMB,2023-01-01 18:00:00,"[85, 50]",1,0 days 00:50:00,0 days 00:00:00,CAI,
174,175,SM,SSH,2023-01-01 14:30:00,HMB,0 days 03:30:00,1,ATR,70,637,55,0,SSH -> CAI -> HMB,SSH_HMB,2023-01-01 18:00:00,"[175, 128]",2,0 days 01:00:00,0 days 00:00:00,CAI,
179,180,SM,SSH,2023-01-01 07:30:00,HMB,0 days 10:30:00,1,ATR,70,1074,55,0,SSH -> LXR -> CAI -> HMB,SSH_HMB,2023-01-01 18:00:00,"[180, 160, 128]",3,0 days 02:55:00,0 days 03:40:00,LXR,CAI
179,180,SM,SSH,2023-01-01 07:30:00,HMB,0 days 10:30:00,1,ATR,70,1074,55,0,SSH -> LXR -> CAI -> HMB,SSH_HMB,2023-01-01 18:00:00,"[180, 162, 128]",3,0 days 03:15:00,0 days 03:20:00,LXR,CAI
82,83,MS,SSH,2023-01-01 04:40:00,HRG,0 days 05:20:00,0,B738,162,778,55,0,SSH -> CAI -> HRG,SSH_HRG,2023-01-01 10:00:00,"[83, 55]",1,0 days 03:20:00,0 days 00:00:00,CAI,
83,84,MS,SSH,2023-01-01 11:10:00,HRG,0 days 03:20:00,0,B738,162,778,55,0,SSH -> CAI -> HRG,SSH_HRG,2023-01-01 14:30:00,"[84, 52]",1,0 days 01:20:00,0 days 00:00:00,CAI,
84,85,MS,SSH,2023-01-01 15:10:00,HRG,0 days 04:50:00,0,B738,162,778,55,0,SSH -> CAI -> HRG,SSH_HRG,2023-01-01 20:00:00,"[85, 53]",1,0 days 02:50:00,0 days 00:00:00,CAI,
178,179,SM,SSH,2023-01-01 09:55:00,HRG,0 days 00:30:00,0,A320,150,106,55,0,SSH -> HRG,SSH_HRG,2023-01-01 10:25:00,[179],0,0 days 00:00:00,0 days 00:00:00,,
82,83,MS,SSH,2023-01-01 04:40:00,LXR,0 days 02:40:00,0,B738,162,883,55,0,SSH -> CAI -> LXR,SSH_LXR,2023-01-01 07:20:00,"[83, 56]",1,0 days 00:40:00,0 days 00:00:00,CAI,
82,83,MS,SSH,2023-01-01 04:40:00,LXR,0 days 02:50:00,0,B738,162,883,55,0,SSH -> CAI -> LXR,SSH_LXR,2023-01-01 07:30:00,"[83, 57]",1,0 days 00:50:00,0 days 00:00:00,CAI,
84,85,MS,SSH,2023-01-01 15:10:00,LXR,0 days 03:50:00,0,B738,162,883,55,0,SSH -> CAI -> LXR,SSH_LXR,2023-01-01 19:00:00,"[85, 58]",1,0 days 01:50:00,0 days 00:00:00,CAI,
84,85,MS,SSH,2023-01-01 15:10:00,LXR,0 days 04:55:00,0,B738,162,883,55,0,SSH -> CAI -> LXR,SSH_LXR,2023-01-01 20:05:00,"[85, 59]",1,0 days 02:55:00,0 days 00:00:00,CAI,
97,98,NP,SSH,2023-01-01 22:55:00,LXR,0 days 00:55:00,0,A320,150,306,55,0,SSH -> LXR,SSH_LXR,2023-01-01 23:50:00,[98],0,0 days 00:00:00,0 days 00:00:00,,
179,180,SM,SSH,2023-01-01 07:30:00,LXR,0 days 01:15:00,1,ATR,70,306,55,0,SSH -> LXR,SSH_LXR,2023-01-01 08:45:00,[180],0,0 days 00:00:00,0 days 00:00:00,,
180,181,SM,SSH,2023-01-01 16:00:00,SPX,0 days 01:00:00,0,A320,150,415,55,0,SSH -> SPX,SSH_SPX,2023-01-01 17:00:00,[181],0,0 days 00:00:00,0 days 00:00:00,,
